trading_date,range_type,dr_high,dr_low,dr_range,idr_high,idr_low,idr_range
2024-01-02,ADR,16847.439,16831.739,15.69999999999709,16850.489,16830.419,20.06999999999971
2024-01-02,ODR,16847.799,16829.269,18.529999999998836,16848.589,16827.819,20.770000000000437
2024-01-02,RDR,16674.229,16547.239,126.98999999999796,16685.939,16535.949,149.98999999999796
2024-01-03,ADR,16549.929,16534.379,15.549999999999272,16550.799,16531.989,18.80999999999767
2024-01-03,ODR,16547.679,16497.529,50.150000000001455,16552.889,16495.959,56.93000000000029
2024-01-03,RDR,16462.349,16393.889,68.45999999999913,16477.389,16381.599,95.78999999999905
2024-01-04,ADR,16395.109,16385.499,9.610000000000582,16396.369,16384.169,12.19999999999709
2024-01-04,ODR,16415.479,16382.589,32.88999999999942,16417.199,16379.089,38.11000000000058
2024-01-04,RDR,16359.959,16286.519,73.44000000000051,16370.039,16277.609,92.43000000000029
2024-01-08,ADR,16340.149,16331.269,8.8799999999992,16340.599,16328.919,11.680000000000291
2024-01-08,ODR,16293.829,16265.209,28.61999999999898,16295.149,16263.619,31.529999999998836
2024-01-08,RDR,16484.929,16352.689,132.23999999999978,16487.389,16346.929,140.45999999999913
2024-01-09,ADR,16633.489,16627.739,5.75,16634.759,16625.869,8.889999999999418
2024-01-09,ODR,16609.939,16582.219,27.719999999997526,16610.159,16579.889,30.270000000000437
2024-01-09,RDR,16590.479,16512.419,78.05999999999767,16593.629,16505.929,87.70000000000073
2024-01-10,ADR,16697.599,16673.409,24.18999999999869,16698.599,16672.709,25.889999999999418
2024-01-10,ODR,16712.249,16694.219,18.029999999998836,16713.889,16690.089,23.799999999999272
2024-01-10,RDR,16714.909,16664.799,50.11000000000058,16723.789,16653.059,70.72999999999956
2024-01-11,ADR,16841.169,16814.709,26.460000000002765,16842.229,16814.709,27.520000000000437
2024-01-11,ODR,16894.509,16861.539,32.969999999997526,16899.629,16857.699,41.93000000000029
2024-01-11,RDR,16868.809,16696.099,172.71000000000276,16897.699,16683.819,213.88000000000102
2024-01-15,ADR,16820.519,16809.679,10.840000000000146,16822.699,16806.729,15.970000000001164
2024-01-15,ODR,16878.329,16829.329,49.0,16883.099,16829.169,53.92999999999665
2024-01-15,RDR,16824.079,16802.809,21.270000000000437,16828.579,16798.709,29.87000000000262
2024-01-16,ADR,16782.298,16747.865,34.432999999997264,16783.799,16743.72,40.078999999997905
2024-01-16,ODR,16741.289,16683.819,57.470000000001164,16741.289,16674.187,67.10199999999895
2024-01-16,RDR,16864.543,16737.489,127.05400000000009,16868.297,16718.376,149.92099999999846
2024-01-17,ADR,16828.708,16817.275,11.432999999997264,16829.399,16814.289,15.110000000000582
2024-01-17,ODR,16724.808,16695.51,29.298000000002503,16725.775,16691.554,34.22100000000137
2024-01-17,RDR,16688.631,16575.764,112.86700000000201,16707.242,16559.731,147.5109999999986
2024-01-18,ADR,16745.231,16726.709,18.522000000000844,16747.797,16724.031,23.76599999999962
2024-01-18,ODR,16787.597,16761.253,26.34400000000096,16792.021,16759.219,32.80199999999968
2024-01-18,RDR,16909.521,16865.297,44.22400000000198,16928.154,16859.589,68.56499999999869
2024-01-22,ADR,17438.054,17369.753,68.30099999999948,17441.186,17368.52,72.66600000000108
2024-01-22,ODR,17410.186,17389.586,20.600000000002183,17411.299,17387.81,23.48899999999776
2024-01-22,RDR,17443.232,17357.331,85.90100000000166,17452.609,17353.71,98.89900000000125
2024-01-23,ADR,17344.164,17328.876,15.288000000000466,17345.319,17328.176,17.14300000000003
2024-01-23,ODR,17352.408,17304.797,47.611000000000786,17354.554,17294.131,60.422999999998865
2024-01-23,RDR,17359.642,17293.721,65.92099999999846,17360.343,17283.62,76.72300000000178
2024-01-24,ADR,17461.021,17446.664,14.356999999999971,17464.108,17444.71,19.398000000001048
2024-01-24,ODR,17525.109,17508.265,16.84400000000096,17529.02,17503.731,25.28900000000067
2024-01-24,RDR,17592.064,17515.108,76.95599999999831,17594.608,17514.31,80.29799999999886
2024-01-25,ADR,17508.342,17487.489,20.852999999999156,17515.898,17483.765,32.13300000000163
2024-01-25,ODR,17527.175,17490.32,36.85499999999956,17535.521,17483.521,52.0
2024-01-25,RDR,17609.332,17549.698,59.633999999998196,17614.153,17529.098,85.05499999999665
2024-01-29,ADR,17413.732,17367.575,46.15699999999924,17419.808,17366.62,53.18800000000192
2024-01-29,ODR,17469.754,17430.587,39.16700000000128,17471.687,17428.754,42.9330000000009
2024-01-29,RDR,17462.854,17421.653,41.20100000000093,17471.489,17416.708,54.78100000000268
2024-01-30,ADR,17621.243,17601.389,19.85399999999936,17623.489,17593.987,29.502000000000407
2024-01-30,ODR,17605.276,17561.086,44.19000000000233,17608.519,17553.508,55.0109999999986
2024-01-30,RDR,17569.597,17535.665,33.9320000000007,17573.487,17509.71,63.77700000000186
2024-01-31,ADR,17346.542,17333.476,13.066000000002532,17348.92,17332.742,16.177999999999884
2024-01-31,ODR,17359.989,17338.565,21.424000000002707,17360.454,17333.721,26.733000000000175
2024-01-31,RDR,17307.942,17220.965,86.97699999999895,17318.964,17215.986,102.97799999999916
2024-02-01,ADR,17213.542,17197.108,16.434000000001106,17217.719,17194.454,23.264999999999418
2024-02-01,ODR,17252.62,17216.609,36.0109999999986,17254.475,17214.797,39.677999999999884
2024-02-01,RDR,17274.154,17207.565,66.58899999999994,17274.799,17176.189,98.61000000000058
2024-02-05,ADR,17606.875,17584.419,22.455999999998312,17609.597,17573.721,35.876000000000204
2024-02-05,ODR,17632.787,17604.543,28.243999999998778,17635.086,17597.286,37.79999999999927
2024-02-05,RDR,17643.453,17525.753,117.70000000000073,17647.576,17511.41,136.16600000000108
2024-02-06,ADR,17627.087,17612.608,14.47899999999936,17630.399,17611.61,18.78900000000067
2024-02-06,ODR,17674.842,17655.254,19.587999999999738,17678.989,17652.054,26.93500000000131
2024-02-06,RDR,17651.765,17529.587,122.17799999999988,17679.165,17510.665,168.5
2024-02-07,ADR,17623.52,17567.287,56.233000000000175,17624.089,17563.897,60.1919999999991
2024-02-07,ODR,17568.787,17550.82,17.967000000000553,17570.032,17549.364,20.667999999997846
2024-02-07,RDR,17776.389,17642.02,134.36899999999878,17778.086,17632.989,145.09699999999793
2024-02-08,ADR,17757.999,17753.097,4.901999999998225,17761.087,17751.931,9.15599999999904
2024-02-08,ODR,17764.889,17742.91,21.97899999999936,17767.899,17738.165,29.73400000000038
2024-02-08,RDR,17776.953,17735.219,41.73400000000038,17784.764,17723.809,60.95499999999811
2024-02-12,ADR,17956.91,17950.343,6.566999999999098,17958.619,17948.942,9.67699999999968
2024-02-12,ODR,17971.789,17955.497,16.29200000000128,17973.199,17953.253,19.945999999999913
2024-02-12,RDR,17964.689,17938.71,25.97899999999936,17969.464,17926.41,43.05400000000009
2024-02-13,ADR,17852.331,17846.465,5.8659999999981665,17855.065,17843.276,11.788999999997031
2024-02-13,ODR,17877.265,17813.31,63.95499999999811,17885.908,17811.943,73.96500000000015
2024-02-13,RDR,17669.71,17549.776,119.93399999999747,17669.71,17511.065,158.64500000000044
2024-02-14,ADR,17614.31,17600.632,13.677999999999884,17619.82,17596.376,23.443999999999505
2024-02-14,ODR,17678.587,17660.52,18.066999999999098,17682.076,17656.854,25.22200000000157
2024-02-14,RDR,17771.799,17679.443,92.35599999999977,17774.698,17670.421,104.27700000000186
2024-02-15,ADR,17805.154,17780.609,24.544999999998254,17805.719,17774.153,31.566000000002532
2024-02-15,ODR,17854.098,17841.831,12.267000000003463,17858.008,17837.342,20.666000000001077
2024-02-15,RDR,17819.042,17742.065,76.97700000000259,17835.331,17732.453,102.87799999999697
2024-02-19,ADR,17738.676,17717.898,20.77799999999843,17742.989,17712.976,30.01300000000265
2024-02-19,ODR,17719.453,17683.865,35.58799999999974,17720.686,17678.398,42.288000000000466
2024-02-19,RDR,17741.498,17720.819,20.679000000000087,17747.419,17716.919,30.5
2024-02-20,ADR,17693.331,17670.954,22.37699999999677,17693.499,17665.71,27.78900000000067
2024-02-20,ODR,17655.908,17587.643,68.26499999999942,17660.642,17578.499,82.14300000000003
2024-02-20,RDR,17626.875,17450.864,176.0109999999986,17665.665,17446.12,219.5450000000019
2024-02-21,ADR,17516.999,17488.309,28.68999999999869,17517.689,17483.097,34.591999999996915
2024-02-21,ODR,17516.42,17458.289,58.130999999997584,17519.199,17454.275,64.92399999999907
2024-02-21,RDR,17463.254,17403.251,60.00300000000061,17466.408,17389.975,76.4330000000009
2024-02-22,ADR,17729.599,17683.598,46.000999999996566,17733.31,17680.243,53.067000000002736
2024-02-22,ODR,17835.297,17784.786,50.5109999999986,17841.087,17784.786,56.300999999999476
2024-02-22,RDR,17905.61,17815.52,90.09000000000015,17915.398,17809.775,105.62299999999959
2024-02-26,ADR,17913.01,17880.854,32.15599999999904,17914.608,17873.375,41.233000000000175
2024-02-26,ODR,17922.287,17894.532,27.75500000000102,17922.919,17893.489,29.43000000000029
2024-02-26,RDR,17981.053,17937.208,43.845000000001164,18002.598,17918.742,83.8560000000034
2024-02-27,ADR,17920.209,17908.31,11.898999999997613,17921.999,17907.821,14.177999999999884
2024-02-27,ODR,17944.197,17909.054,35.14300000000003,17944.843,17907.853,36.9900000000016
2024-02-27,RDR,17984.332,17912.086,72.24599999999919,17988.632,17897.231,91.40100000000166
2024-02-28,ADR,17966.553,17955.721,10.831999999998516,17968.719,17948.01,20.70900000000256
2024-02-28,ODR,17938.643,17900.31,38.33299999999872,17941.021,17893.343,47.677999999999884
2024-02-28,RDR,17892.576,17842.399,50.17699999999968,17901.853,17832.387,69.46600000000035
2024-02-29,ADR,17862.919,17847.964,14.955000000001746,17863.52,17847.765,15.755000000001019
2024-02-29,ODR,17851.331,17805.486,45.844999999997526,17855.798,17785.32,70.47799999999916
2024-02-29,RDR,18025.019,17946.432,78.58699999999953,18031.689,17940.742,90.94700000000012
2024-03-04,ADR,18308.299,18301.564,6.735000000000582,18309.899,18298.543,11.355999999999767
2024-03-04,ODR,18330.709,18319.276,11.432999999997264,18333.799,18315.708,18.09100000000035
2024-03-04,RDR,18291.742,18253.999,37.742999999998574,18297.942,18244.254,53.68799999999828
2024-03-05,ADR,18194.508,18174.099,20.40900000000329,18195.886,18171.61,24.27599999999802
2024-03-05,ODR,18150.064,18112.987,37.0769999999975,18157.197,18102.932,54.26499999999942
2024-03-05,RDR,18100.108,17927.531,172.57700000000114,18100.908,17921.898,179.0099999999984
2024-03-06,ADR,17933.353,17915.609,17.743999999998778,17936.099,17912.82,23.278999999998632
2024-03-06,ODR,18004.098,17973.399,30.699000000000524,18008.619,17972.131,36.487999999997555
2024-03-06,RDR,18075.943,17959.109,116.83399999999892,18096.686,17937.187,159.4989999999998
2024-03-07,ADR,17973.086,17942.943,30.14300000000003,17973.089,17928.142,44.947000000000116
2024-03-07,ODR,17954.065,17906.986,47.078999999997905,17959.054,17892.053,67.0010000000002
2024-03-07,RDR,18215.543,18134.52,81.02300000000105,18216.61,18096.342,120.26800000000003
2024-03-11,ADR,18022.065,17997.019,25.045999999998457,18023.819,17994.297,29.522000000000844
2024-03-11,ODR,18007.253,17947.785,59.46800000000076,18024.664,17923.521,101.14300000000003
2024-03-11,RDR,17991.196,17912.709,78.48700000000099,18005.987,17909.298,96.68900000000212
2024-03-12,ADR,18042.999,18022.809,20.18999999999869,18048.476,18021.354,27.12199999999939
2024-03-12,ODR,18071.876,18016.832,55.04400000000169,18079.72,18013.253,66.46700000000055
2024-03-12,RDR,18194.609,18104.276,90.33299999999872,18196.431,18104.276,92.15499999999884
2024-03-13,ADR,18217.197,18197.132,20.06499999999869,18217.253,18195.365,21.88799999999901
2024-03-13,ODR,18237.197,18187.331,49.866000000001804,18245.475,18176.099,69.3760000000002
2024-03-13,RDR,18124.698,18065.665,59.03299999999945,18126.819,18059.432,67.3869999999988
2024-03-14,ADR,18116.71,18102.199,14.510999999998603,18117.698,18101.72,15.977999999999156
2024-03-14,ODR,18171.143,18143.796,27.34700000000157,18173.842,18140.853,32.9890000000014
2024-03-14,RDR,18085.932,18024.209,61.723000000001775,18090.809,18013.821,76.9880000000012
2024-03-18,ADR,17853.099,17829.198,23.90099999999802,17856.742,17825.71,31.031999999999243
2024-03-18,ODR,17941.664,17900.14,41.52400000000125,17942.364,17893.186,49.177999999999884
2024-03-18,RDR,18127.398,18071.12,56.278000000002066,18134.465,18052.864,81.60099999999875
2024-03-19,ADR,17932.999,17908.032,24.967000000000553,17936.719,17904.876,31.843000000000757
2024-03-19,ODR,18001.31,17915.743,85.56700000000274,18003.687,17910.82,92.86700000000201
2024-03-19,RDR,17893.789,17825.831,67.95800000000236,17898.565,17820.22,78.34499999999753
2024-03-20,ADR,18007.121,17994.221,12.899999999997817,18007.999,17989.454,18.544999999998254
2024-03-20,ODR,18019.687,17992.242,27.445000000003347,18028.399,17984.01,44.38900000000285
2024-03-20,RDR,18047.219,18008.587,38.632000000001426,18053.597,18005.021,48.57600000000093
2024-03-21,ADR,18328.054,18316.998,11.056000000000495,18330.199,18315.32,14.879000000000815
2024-03-21,ODR,18415.965,18368.519,47.44599999999991,18415.965,18364.376,51.58899999999994
2024-03-21,RDR,18425.909,18381.331,44.57800000000134,18425.975,18375.331,50.64400000000023
2024-03-25,ADR,18354.989,18342.986,12.003000000000611,18355.999,18341.242,14.757000000001426
2024-03-25,ODR,18325.32,18305.785,19.534999999999854,18328.31,18301.786,26.52400000000125
2024-03-25,RDR,18302.41,18275.475,26.93500000000131,18310.789,18268.332,42.457000000002154
2024-03-26,ADR,18324.331,18312.265,12.065999999998894,18324.999,18310.31,14.688999999998487
2024-03-26,ODR,18363.242,18339.019,24.222999999998137,18369.854,18334.454,35.39999999999782
2024-03-26,RDR,18342.689,18310.41,32.27899999999863,18350.775,18305.054,45.72100000000137
2024-03-27,ADR,18263.608,18255.097,8.510999999998603,18266.499,18254.543,11.955999999998312
2024-03-27,ODR,18296.22,18257.232,38.98800000000119,18300.565,18257.232,43.33299999999872
2024-03-27,RDR,18214.742,18180.042,34.69999999999709,18220.765,18179.276,41.48899999999776
2024-04-01,ODR,18383.099,18350.61,32.48899999999776,18383.776,18350.586,33.19000000000233
2024-04-01,RDR,18378.864,18281.31,97.55400000000009,18391.11,18264.708,126.40200000000186
2024-04-02,ADR,18267.687,18249.921,17.76600000000326,18270.021,18247.653,22.368000000002212
2024-04-02,ODR,18288.889,18242.086,46.802999999999884,18290.799,18238.054,52.74499999999898
2024-04-02,RDR,18078.964,18004.954,74.0099999999984,18083.943,17996.165,87.77799999999843
2024-04-03,ADR,18126.954,18102.542,24.412000000000262,18127.499,18094.943,32.556000000000495
2024-04-03,ODR,18091.676,18063.009,28.66700000000128,18094.175,18058.076,36.09899999999834
2024-04-03,RDR,18203.153,18035.389,167.7639999999992,18212.499,18034.698,177.80099999999948
2024-04-04,ADR,18242.92,18212.842,30.0779999999977,18280.31,18212.842,67.46800000000076
2024-04-04,ODR,18238.165,18209.086,29.079000000001543,18242.419,18207.021,35.39800000000105
2024-04-04,RDR,18347.065,18293.289,53.77599999999802,18364.899,18282.353,82.5460000000021
2024-04-08,ADR,18125.854,18087.754,38.099999999998545,18127.789,18087.754,40.034999999999854
2024-04-08,ODR,18140.886,18086.562,54.323999999996886,18146.532,18079.121,67.41100000000006
2024-04-08,RDR,18147.054,18050.609,96.44499999999971,18148.564,18044.286,104.27799999999843
2024-04-09,ADR,18119.832,18101.775,18.05699999999706,18120.31,18100.065,20.24500000000262
2024-04-09,ODR,18135.119,18083.042,52.0769999999975,18141.499,18073.32,68.17900000000009
2024-04-09,RDR,18198.954,18091.575,107.37900000000081,18211.943,18080.287,131.65599999999904
2024-04-10,ADR,18187.921,18178.231,9.68999999999869,18190.431,18176.842,13.588999999999942
2024-04-10,ODR,18203.786,18182.208,21.57800000000134,18212.089,18181.876,30.212999999999738
2024-04-10,RDR,18012.43,17943.464,68.96600000000035,18026.519,17924.753,101.76599999999962
2024-04-11,ADR,17996.399,17970.42,25.979000000002998,17996.853,17969.71,27.14300000000003
2024-04-11,ODR,18032.819,18013.742,19.077000000001135,18037.743,18009.508,28.234999999996944
2024-04-11,RDR,18090.499,18009.319,81.18000000000029,18098.675,17994.276,104.39899999999761
2024-04-15,ADR,18078.176,18028.375,49.800999999999476,18084.689,18022.643,62.04599999999846
2024-04-15,ODR,18109.865,18082.953,26.912000000000262,18118.697,18072.231,46.46600000000035
2024-04-15,RDR,18163.599,18053.308,110.29099999999744,18169.798,18019.699,150.09899999999834
2024-04-16,ADR,17718.175,17697.953,20.221999999997934,17722.454,17692.232,30.22200000000157
2024-04-16,ODR,17703.175,17673.831,29.34400000000096,17703.91,17669.132,34.77799999999843
2024-04-16,RDR,17746.709,17682.34,64.36899999999878,17764.398,17652.342,112.0560000000005
2024-04-17,ADR,17770.932,17743.698,27.23400000000038,17774.786,17738.753,36.03299999999945
2024-04-17,ODR,17715.673,17659.009,56.66400000000067,17719.897,17655.642,64.25500000000102
2024-04-17,RDR,17791.876,17669.219,122.65699999999924,17794.941,17645.932,149.0089999999982
2024-04-18,ADR,17538.965,17523.132,15.83299999999872,17541.708,17522.465,19.242999999998574
2024-04-18,ODR,17607.731,17582.486,25.24499999999898,17608.489,17574.165,34.324000000000524
2024-04-18,RDR,17517.409,17408.219,109.18999999999869,17523.899,17397.41,126.4890000000014
2024-04-22,ADR,17126.586,17106.942,19.644000000000233,17128.689,17105.532,23.156999999999243
2024-04-22,ODR,17155.942,17109.975,45.96700000000055,17157.764,17105.097,52.66699999999764
2024-04-22,RDR,17184.609,17050.465,134.14400000000023,17187.665,17041.02,146.64500000000044
2024-04-23,ADR,17189.71,17174.308,15.401999999998225,17195.965,17174.132,21.83299999999872
2024-04-23,ODR,17225.319,17208.654,16.665000000000873,17227.798,17201.453,26.344999999997526
2024-04-23,RDR,17426.921,17285.587,141.33399999999892,17431.743,17272.775,158.96799999999712
2024-04-24,ADR,17573.208,17544.365,28.84299999999712,17578.689,17542.509,36.18000000000029
2024-04-24,ODR,17595.932,17577.132,18.799999999999272,17600.31,17571.465,28.845000000001164
2024-04-24,RDR,17649.875,17583.032,66.84300000000076,17658.376,17574.976,83.40000000000146
2024-04-25,ADR,17346.532,17318.732,27.799999999999272,17350.008,17314.009,35.999000000003434
2024-04-25,ODR,17330.02,17306.12,23.900000000001455,17330.999,17300.476,30.523000000001048
2024-04-25,RDR,17310.943,17181.642,129.30099999999948,17319.965,17176.143,143.82200000000012
2024-04-29,ADR,17764.143,17736.72,27.422999999998865,17765.999,17734.121,31.87800000000061
2024-04-29,ODR,17779.376,17762.61,16.76599999999962,17780.02,17753.842,26.177999999999884
2024-04-29,RDR,17808.72,17706.098,102.62199999999939,17821.298,17702.743,118.55500000000029
2024-04-30,ADR,17786.576,17774.309,12.266999999999825,17788.21,17772.775,15.434999999997672
2024-04-30,ODR,17780.799,17758.873,21.925999999999476,17782.821,17755.32,27.501000000000204
2024-04-30,RDR,17759.076,17703.553,55.52300000000105,17772.52,17700.731,71.78900000000067
2024-05-01,ADR,17394.609,17362.219,32.38999999999942,17396.154,17360.531,35.62299999999959
2024-05-01,ODR,17375.609,17337.864,37.74499999999898,17377.731,17334.589,43.141999999999825
2024-05-01,RDR,17381.01,17330.819,50.190999999998894,17397.253,17311.031,86.22200000000157
2024-05-02,ADR,17422.719,17387.208,35.51100000000224,17427.043,17386.042,41.001000000000204
2024-05-02,ODR,17465.02,17425.075,39.94499999999971,17474.799,17407.075,67.72399999999834
2024-05-02,RDR,17470.264,17297.832,172.4320000000007,17488.71,17283.131,205.5789999999979
2024-05-06,ADR,17914.52,17889.075,25.44499999999971,17915.319,17886.232,29.086999999999534
2024-05-06,ODR,17915.743,17890.776,24.966999999996915,17918.999,17890.676,28.32300000000032
2024-05-06,RDR,18001.421,17959.975,41.44599999999991,18007.632,17934.176,73.45600000000195
2024-05-07,ADR,18080.064,18073.231,6.832999999998719,18081.399,18070.786,10.613000000001193
2024-05-07,ODR,18088.098,18057.621,30.47700000000259,18089.653,18056.708,32.94499999999971
2024-05-07,RDR,18120.799,18081.308,39.49099999999817,18130.276,18076.797,53.479000000003
2024-05-08,ADR,18102.387,18094.243,8.144000000000233,18105.199,18090.497,14.702000000001135
2024-05-08,ODR,18102.699,18087.91,14.78900000000067,18106.21,18087.91,18.299999999999272
2024-05-08,RDR,18097.91,17978.798,119.11200000000099,18104.786,17972.919,131.86699999999837
2024-05-09,ADR,18068.086,18056.986,11.099999999998545,18069.198,18053.565,15.63300000000163
2024-05-09,ODR,18056.743,18025.519,31.22399999999834,18061.497,18019.775,41.721999999997934
2024-05-09,RDR,18086.465,18017.787,68.67799999999988,18104.208,18011.887,92.32099999999991
2024-05-13,ADR,18157.12,18146.221,10.898999999997613,18157.799,18141.708,16.09100000000035
2024-05-13,ODR,18200.119,18184.187,15.93199999999706,18201.043,18182.089,18.954000000001543
2024-05-13,RDR,18237.086,18165.499,71.58699999999953,18238.731,18156.809,81.92199999999866
2024-05-14,ADR,18194.276,18189.064,5.212000000003172,18195.299,18187.853,7.445999999999913
2024-05-14,ODR,18201.364,18192.21,9.15400000000227,18202.999,18188.731,14.268000000000029
2024-05-14,RDR,18269.543,18177.863,91.68000000000029,18276.209,18172.065,104.14400000000023
2024-05-15,ADR,18324.21,18317.308,6.901999999998225,18327.787,18316.776,11.010999999998603
2024-05-15,ODR,18319.299,18296.164,23.1349999999984,18320.399,18294.731,25.668000000001484
2024-05-15,RDR,18440.308,18370.697,69.61100000000079,18446.389,18352.086,94.30299999999988
2024-05-16,ADR,18634.299,18623.264,11.034999999999854,18638.887,18622.354,16.532999999999447
2024-05-16,ODR,18634.589,18621.075,13.513999999999214,18637.108,18616.619,20.489000000001397
2024-05-16,RDR,18628.289,18583.842,44.447000000000116,18632.799,18578.754,54.044999999998254
2024-05-20,ADR,18582.586,18573.821,8.764999999999418,18583.598,18570.954,12.644000000000233
2024-05-20,ODR,18580.808,18570.331,10.47700000000259,18580.989,18567.408,13.58100000000195
2024-05-20,RDR,18666.019,18554.71,111.3090000000011,18671.742,18549.009,122.73300000000017
2024-05-21,ADR,18666.199,18658.631,7.5679999999993015,18668.319,18658.11,10.208999999998923
2024-05-21,ODR,18673.708,18657.143,16.56499999999869,18675.608,18654.164,21.443999999999505
2024-05-21,RDR,18645.442,18597.987,47.45499999999811,18646.076,18591.643,54.4330000000009
2024-05-22,ADR,18729.276,18723.219,6.0570000000006985,18730.899,18722.209,8.690000000002328
2024-05-22,ODR,18720.908,18704.998,15.909999999999854,18722.187,18702.81,19.377000000000407
2024-05-22,RDR,18742.298,18722.643,19.654999999998836,18747.489,18704.12,43.369000000002416
2024-05-23,ADR,18797.689,18786.719,10.969999999997526,18798.089,18784.554,13.534999999999854
2024-05-23,ODR,18871.099,18853.454,17.6449999999968,18875.675,18850.342,25.33299999999872
2024-05-23,RDR,18905.831,18777.176,128.65499999999884,18907.064,18764.91,142.15399999999863
2024-05-27,ADR,18777.897,18765.897,12.0,18779.154,18763.197,15.956999999998516
2024-05-27,ODR,18814.021,18799.884,14.137000000002445,18815.953,18797.554,18.39900000000125
2024-05-27,RDR,18836.576,18808.889,27.687000000001717,18840.698,18806.387,34.31100000000151
2024-05-28,ADR,18846.675,18822.021,24.653999999998632,18847.909,18816.464,31.44499999999971
2024-05-28,ODR,18869.851,18847.442,22.40899999999965,18873.919,18843.331,30.588000000003376
2024-05-28,RDR,18851.299,18779.542,71.75699999999779,18867.654,18771.921,95.73300000000017
2024-05-29,ADR,18879.189,18858.854,20.334999999999127,18880.165,18852.364,27.800999999999476
2024-05-29,ODR,18817.897,18779.419,38.477999999999156,18820.389,18777.665,42.72399999999834
2024-05-29,RDR,18792.389,18697.643,94.74599999999919,18802.986,18694.709,108.27700000000186
2024-05-30,ADR,18668.698,18646.32,22.37800000000061,18669.132,18642.675,26.457000000002154
2024-05-30,ODR,18638.389,18596.676,41.71299999999974,18639.987,18596.676,43.31100000000151
2024-05-30,RDR,18701.175,18643.286,57.888999999999214,18707.221,18620.697,86.52400000000125
2024-06-03,ADR,18590.686,18529.743,60.94300000000294,18592.299,18527.553,64.74599999999919
2024-06-03,ODR,18613.232,18573.342,39.88999999999942,18620.275,18570.209,50.06600000000253
2024-06-03,RDR,18680.253,18602.621,77.63200000000143,18703.164,18596.208,106.95600000000195
2024-06-04,ADR,18622.509,18603.21,19.29899999999907,18624.976,18601.909,23.066999999999098
2024-06-04,ODR,18582.389,18532.665,49.72399999999834,18585.653,18519.854,65.79899999999907
2024-06-04,RDR,18592.431,18531.409,61.022000000000844,18617.489,18521.787,95.70200000000114
2024-06-05,ADR,18691.932,18677.432,14.5,18695.176,18677.364,17.81199999999808
2024-06-05,ODR,18689.589,18661.932,27.656999999999243,18691.243,18654.654,36.58899999999994
2024-06-05,RDR,18844.786,18773.621,71.16500000000087,18846.697,18756.342,90.35499999999956
2024-06-06,ADR,19049.11,19026.61,22.5,19050.721,19024.653,26.06800000000294
2024-06-06,ODR,19056.989,19040.621,16.368000000002212,19057.176,19033.654,23.522000000000844
2024-06-06,RDR,19067.409,18986.875,80.53399999999965,19070.176,18986.064,84.11200000000099
2024-06-10,ADR,18998.785,18981.21,17.575000000000728,19002.621,18978.199,24.42199999999866
2024-06-10,ODR,18983.42,18967.251,16.16899999999805,18990.199,18955.61,34.58899999999994
2024-06-10,RDR,18998.986,18951.997,46.9890000000014,19001.354,18942.131,59.22299999999814
2024-06-11,ADR,19051.786,19042.486,9.299999999999272,19053.799,19041.142,12.656999999999243
2024-06-11,ODR,19064.899,19049.686,15.212999999999738,19068.575,19047.631,20.943999999999505
2024-06-11,RDR,19056.486,18965.22,91.26599999999962,19060.697,18964.554,96.14300000000003
2024-06-12,ADR,19232.953,19216.997,15.95600000000195,19233.689,19216.108,17.580999999998312
2024-06-12,ODR,19223.186,19212.131,11.055000000000291,19225.321,19208.531,16.790000000000873
2024-06-12,RDR,19511.997,19370.808,141.1889999999985,19513.008,19343.898,169.11000000000058
2024-06-13,ADR,19588.21,19565.021,23.188999999998487,19591.343,19563.52,27.82300000000032
2024-06-13,ODR,19638.599,19609.686,28.912999999996828,19641.499,19605.676,35.82300000000032
2024-06-13,RDR,19629.308,19513.131,116.17699999999968,19633.799,19508.364,125.43499999999767
2024-06-17,ADR,19697.231,19690.208,7.023000000001048,19699.198,19686.298,12.900000000001455
2024-06-17,ODR,19704.609,19685.586,19.023000000001048,19714.12,19681.01,33.11000000000058
2024-06-17,RDR,19693.075,19628.265,64.81000000000131,19703.597,19624.032,79.56500000000233
2024-06-18,ADR,19917.842,19894.787,23.05500000000029,19919.876,19894.71,25.166000000001077
2024-06-18,ODR,19923.886,19903.342,20.54399999999805,19926.289,19901.342,24.947000000000116
2024-06-18,RDR,19922.032,19887.752,34.279999999998836,19931.099,19876.864,54.234999999996944
2024-06-19,ADR,19934.965,19920.931,14.03399999999965,19935.976,19920.021,15.954999999998108
2024-06-19,ODR,19946.453,19939.308,7.145000000000437,19948.842,19935.743,13.099000000001979
2024-06-19,RDR,19958.299,19946.886,11.413000000000466,19963.408,19946.81,16.597999999998137
2024-06-20,ADR,19956.497,19945.119,11.378000000000611,19956.853,19944.754,12.098999999998341
2024-06-20,ODR,20064.376,20024.453,39.922999999998865,20083.989,20021.943,62.046000000002095
2024-06-20,RDR,19974.854,19840.019,134.83499999999913,19976.989,19836.108,140.88100000000122
2024-06-24,ADR,19748.608,19728.676,19.9320000000007,19748.699,19724.631,24.0679999999993
2024-06-24,ODR,19744.642,19717.332,27.31000000000131,19752.899,19706.42,46.479000000003
2024-06-24,RDR,19719.054,19595.031,124.02300000000105,19721.889,19591.931,129.95799999999872
2024-06-25,ADR,19504.475,19491.932,12.542999999997846,19507.089,19490.119,16.970000000001164
2024-06-25,ODR,19513.709,19470.421,43.288000000000466,19516.709,19463.486,53.22299999999814
2024-06-25,RDR,19626.054,19537.876,88.17799999999988,19629.708,19525.398,104.30999999999767
2024-06-26,ADR,19716.064,19701.875,14.188999999998487,19720.119,19700.22,19.898999999997613
2024-06-26,ODR,19804.476,19730.454,74.0219999999972,19805.397,19727.575,77.82200000000012
2024-06-26,RDR,19750.243,19659.319,90.92399999999907,19763.242,19657.275,105.96699999999691
2024-06-27,ADR,19658.698,19647.61,11.087999999999738,19660.609,19647.02,13.588999999999942
2024-06-27,ODR,19709.662,19687.386,22.27600000000166,19713.154,19686.353,26.800999999999476
2024-06-27,RDR,19851.787,19730.51,121.27700000000186,19857.087,19730.197,126.88999999999942
2024-07-01,ADR,19729.843,19701.597,28.245999999999185,19732.331,19687.698,44.63299999999799
2024-07-01,ODR,19766.084,19701.153,64.9310000000005,19771.397,19687.121,84.27600000000166
2024-07-01,RDR,19727.31,19579.232,148.07800000000134,19742.387,19571.098,171.28899999999703
2024-07-02,ADR,19782.086,19745.165,36.92099999999846,19784.597,19740.119,44.478000000002794
2024-07-02,ODR,19747.886,19700.719,47.16699999999764,19747.897,19694.698,53.199000000000524
2024-07-02,RDR,19833.842,19740.587,93.25500000000102,19858.11,19736.719,121.39099999999962
2024-07-03,ADR,20007.397,19991.275,16.12199999999939,20009.399,19991.11,18.28900000000067
2024-07-03,ODR,20012.265,19995.61,16.654999999998836,20013.319,19992.153,21.166000000001077
2024-07-03,RDR,20048.399,19977.089,71.31000000000131,20058.497,19976.429,82.0679999999993
2024-07-04,ADR,20171.643,20160.687,10.955999999998312,20172.764,20160.176,12.587999999999738
2024-07-04,ODR,20169.732,20160.697,9.034999999999854,20171.198,20159.631,11.566999999999098
2024-07-04,RDR,20166.753,20137.886,28.867000000002008,20168.699,20134.632,34.0669999999991
2024-07-08,ADR,20367.875,20354.921,12.954000000001543,20369.11,20351.243,17.867000000002008
2024-07-08,ODR,20373.364,20356.332,17.03200000000288,20374.899,20356.186,18.712999999999738
2024-07-08,RDR,20409.397,20380.81,28.586999999999534,20421.186,20368.509,52.67700000000332
2024-07-09,ADR,20521.687,20494.91,26.777000000001863,20522.398,20492.365,30.032999999999447
2024-07-09,ODR,20513.019,20489.62,23.39900000000125,20513.497,20486.71,26.787000000000262
2024-07-09,RDR,20537.984,20479.165,58.818999999999505,20546.399,20468.843,77.5560000000005
2024-07-10,ADR,20481.832,20470.12,11.711999999999534,20482.799,20469.642,13.156999999999243
2024-07-10,ODR,20490.289,20476.064,14.225000000002183,20493.376,20472.609,20.766999999999825
2024-07-10,RDR,20568.097,20511.575,56.522000000000844,20570.807,20497.276,73.53099999999904
2024-07-11,ODR,20659.31,20649.575,9.735000000000582,20661.343,20647.565,13.778000000002066
2024-07-11,RDR,20670.796,20445.076,225.71999999999753,20677.489,20434.542,242.94700000000012
2024-07-15,ADR,20352.854,20336.532,16.322000000000116,20356.309,20332.742,23.567000000002736
2024-07-15,ODR,20422.187,20407.11,15.077000000001135,20423.665,20403.087,20.57800000000134
2024-07-15,RDR,20477.799,20393.299,84.5,20482.299,20376.676,105.62299999999959
2024-07-16,ADR,20439.306,20426.789,12.516999999999825,20440.098,20425.043,15.055000000000291
2024-07-16,ODR,20416.884,20363.298,53.58599999999933,20416.884,20360.353,56.53099999999904
2024-07-16,RDR,20477.854,20297.52,180.33399999999892,20481.489,20283.764,197.72500000000218
2024-07-17,ADR,20368.576,20357.253,11.32300000000032,20369.599,20355.854,13.744999999998981
2024-07-17,ODR,20252.842,20160.92,91.9220000000023,20256.276,20145.21,111.06600000000253
2024-07-17,RDR,20057.743,19916.232,141.5109999999986,20080.265,19899.931,180.33399999999892
2024-07-18,ADR,19872.186,19862.921,9.265000000003056,19873.789,19859.565,14.224000000001979
2024-07-18,ODR,19948.576,19871.108,77.46800000000076,19950.063,19842.665,107.39799999999741
2024-07-18,RDR,19946.984,19830.954,116.02999999999884,19955.942,19827.42,128.52200000000084
2024-07-22,ADR,19655.143,19603.721,51.42199999999866,19658.12,19589.199,68.92099999999846
2024-07-22,ODR,19657.065,19598.208,58.85699999999997,19659.499,19579.965,79.53399999999965
2024-07-22,RDR,19844.299,19726.464,117.83499999999913,19849.143,19705.989,143.15399999999863
2024-07-23,ADR,19797.887,19774.089,23.797999999998865,19799.499,19770.632,28.86699999999837
2024-07-23,ODR,19760.087,19703.397,56.68999999999869,19762.308,19691.198,71.11000000000058
2024-07-23,RDR,19855.989,19779.842,76.14700000000084,19873.309,19757.264,116.04500000000189
2024-07-24,ADR,19646.342,19620.264,26.07800000000134,19655.865,19619.843,36.022000000000844
2024-07-24,ODR,19579.989,19544.887,35.10200000000259,19580.664,19536.264,44.400000000001455
2024-07-24,RDR,19467.721,19312.275,155.4459999999999,19482.31,19304.265,178.0450000000019
2024-07-25,ADR,19135.732,19098.697,37.034999999999854,19139.399,19095.31,44.08899999999994
2024-07-25,ODR,19081.51,19007.51,74.0,19097.664,19000.865,96.79899999999907
2024-07-25,RDR,19055.52,18764.798,290.7220000000016,19064.242,18721.21,343.03199999999924
2024-07-29,ADR,19135.664,19087.498,48.16600000000108,19141.942,19085.41,56.53199999999924
2024-07-29,ODR,19172.12,19082.508,89.61199999999735,19172.12,19069.187,102.93299999999726
2024-07-29,RDR,19208.487,19104.764,103.72300000000178,19227.275,19073.753,153.52200000000084
2024-07-30,ADR,19021.853,18978.453,43.39999999999782,19024.699,18974.654,50.04500000000189
2024-07-30,ODR,19097.331,19060.643,36.68799999999828,19102.819,19060.643,42.175999999999476
2024-07-30,RDR,19140.319,19017.61,122.70899999999892,19171.243,19010.62,160.6229999999996
2024-07-31,ADR,18918.354,18874.31,44.04399999999805,18930.92,18871.164,59.755999999997584
2024-07-31,ODR,19084.442,19047.208,37.23400000000038,19093.319,19036.31,57.008999999998196
2024-07-31,RDR,19322.121,19168.286,153.83499999999913,19323.889,19168.286,155.60299999999916
2024-08-01,ADR,19567.575,19529.332,38.24300000000221,19572.586,19524.364,48.221999999997934
2024-08-01,ODR,19513.521,19450.597,62.92399999999907,19517.831,19445.254,72.5769999999975
2024-08-01,RDR,19507.109,19306.142,200.96700000000055,19539.298,19305.775,233.5229999999974
2024-08-05,ADR,18170.376,18073.176,97.20000000000073,18175.12,18047.353,127.76699999999983
2024-08-05,ODR,17731.332,17498.186,233.145999999997,17745.831,17494.753,251.0779999999977
2024-08-05,RDR,17926.054,17444.387,481.6670000000013,17995.387,17388.799,606.5879999999997
2024-08-06,ADR,18176.119,18097.321,78.79799999999886,18187.043,18097.321,89.72200000000157
2024-08-06,ODR,18185.289,18119.421,65.86800000000221,18198.299,18107.664,90.6349999999984
2024-08-06,RDR,18108.142,17883.208,224.9340000000011,18115.587,17852.854,262.7330000000002
2024-08-07,ADR,18049.42,17941.61,107.80999999999767,18054.499,17936.431,118.0679999999993
2024-08-07,ODR,18208.176,18126.208,81.96800000000076,18220.497,18110.642,109.85499999999956
2024-08-07,RDR,18424.109,18324.021,100.08799999999974,18448.086,18298.221,149.86499999999796
2024-08-08,ADR,17828.142,17650.864,177.27799999999843,17835.197,17642.309,192.887999999999
2024-08-08,ODR,17934.442,17774.354,160.08799999999974,17936.686,17773.464,163.22200000000157
2024-08-08,RDR,18273.22,17994.831,278.38900000000285,18281.276,17959.842,321.4340000000011
2024-08-12,ADR,18529.432,18493.51,35.9220000000023,18541.219,18482.865,58.35399999999936
2024-08-12,ODR,18577.843,18506.51,71.33300000000236,18588.289,18501.52,86.76900000000023
2024-08-12,RDR,18604.876,18440.443,164.4330000000009,18630.189,18423.62,206.5689999999995
2024-08-13,ADR,18560.908,18540.698,20.209999999999127,18570.399,18535.121,35.278000000002066
2024-08-13,ODR,18704.943,18645.564,59.379000000000815,18719.709,18641.687,78.0219999999972
2024-08-13,RDR,18815.131,18725.898,89.23300000000017,18823.875,18720.299,103.57600000000093
2024-08-14,ADR,19020.642,18995.687,24.95499999999811,19024.299,18993.51,30.78900000000067
2024-08-14,ODR,19008.831,18993.575,15.255999999997584,19016.219,18987.508,28.71099999999933
2024-08-14,RDR,19040.031,18892.489,147.54199999999764,19075.92,18873.376,202.54399999999805
2024-08-15,ADR,19046.032,19008.52,37.51199999999881,19050.165,19002.654,47.51100000000224
2024-08-15,ODR,19097.275,19063.642,33.63300000000163,19099.186,19056.143,43.043000000001484
2024-08-15,RDR,19373.353,19254.242,119.11100000000079,19387.087,19237.821,149.26599999999962
2024-08-19,ADR,19573.22,19540.675,32.54500000000189,19578.697,19529.876,48.82099999999991
2024-08-19,ODR,19510.721,19478.309,32.41200000000026,19512.608,19467.61,44.99799999999959
2024-08-19,RDR,19531.209,19444.521,86.68799999999828,19536.598,19440.731,95.86700000000201
2024-08-20,ADR,19775.164,19766.619,8.545000000001892,19775.389,19764.598,10.790999999997439
2024-08-20,ODR,19831.589,19796.909,34.68000000000029,19837.165,19789.875,47.29000000000087
2024-08-20,RDR,19826.087,19726.797,99.29000000000087,19831.689,19710.965,120.72399999999834
2024-08-21,ADR,19728.053,19697.976,30.077000000001135,19730.109,19694.976,35.13300000000163
2024-08-21,ODR,19739.332,19720.653,18.679000000000087,19742.189,19708.954,33.234999999996944
2024-08-21,RDR,19812.642,19730.089,82.55299999999988,19824.876,19723.119,101.75700000000143
2024-08-22,ADR,19851.687,19838.032,13.655000000002474,19855.289,19837.42,17.869000000002416
2024-08-22,ODR,19834.653,19813.932,20.72099999999773,19840.199,19809.765,30.434000000001106
2024-08-22,RDR,19912.564,19806.889,105.67499999999927,19937.008,19795.72,141.28800000000047
2024-08-26,ADR,19708.386,19658.889,49.49699999999939,19711.954,19657.132,54.822000000000116
2024-08-26,ODR,19757.975,19714.81,43.164999999997235,19762.121,19707.887,54.23400000000038
2024-08-26,RDR,19719.586,19544.565,175.02100000000064,19727.831,19535.432,192.3989999999976
2024-08-27,ADR,19510.854,19492.889,17.965000000000146,19518.342,19490.321,28.02100000000064
2024-08-27,ODR,19545.575,19515.697,29.87800000000061,19547.089,19512.421,34.668000000001484
2024-08-27,RDR,19557.642,19399.898,157.74399999999878,19561.289,19371.354,189.9350000000013
2024-08-28,ADR,19529.619,19505.897,23.721999999997934,19532.189,19499.31,32.87899999999718
2024-08-28,ODR,19581.62,19560.143,21.476999999998952,19583.619,19554.043,29.575999999997293
2024-08-28,RDR,19559.932,19474.621,85.31100000000151,19586.164,19446.632,139.53199999999924
2024-08-29,ADR,19176.798,19118.554,58.24399999999878,19177.854,19117.598,60.255999999997584
2024-08-29,ODR,19327.789,19276.287,51.50200000000041,19328.343,19275.742,52.60100000000239
2024-08-29,RDR,19578.698,19432.121,146.57700000000114,19620.075,19415.376,204.69900000000052
2024-09-02,ADR,19548.398,19534.875,13.523000000001048,19553.989,19531.387,22.60200000000259
2024-09-02,ODR,19509.521,19467.064,42.457000000002154,19511.542,19460.319,51.223000000001775
2024-09-02,RDR,19590.875,19544.575,46.29999999999927,19594.886,19538.187,56.698999999996886
2024-09-03,ADR,19546.554,19514.22,32.33399999999892,19548.999,19496.82,52.17900000000009
2024-09-03,ODR,19591.789,19521.608,70.1810000000005,19594.889,19521.608,73.28099999999904
2024-09-03,RDR,19428.754,19246.187,182.5669999999991,19433.542,19239.031,194.51100000000224
2024-09-04,ADR,18929.51,18899.676,29.833999999998923,18935.443,18886.042,49.40099999999802
2024-09-04,ODR,18866.076,18795.92,70.15600000000268,18869.276,18783.598,85.67799999999988
2024-09-04,RDR,18946.421,18830.621,115.79999999999927,18954.664,18791.776,162.887999999999
2024-09-05,ADR,18939.387,18859.642,79.74499999999898,18942.289,18846.497,95.79200000000128
2024-09-05,ODR,18953.921,18852.897,101.02399999999761,18956.699,18843.208,113.4910000000018
2024-09-05,RDR,19088.532,18841.487,247.04499999999825,19108.542,18840.887,267.6550000000025
2024-09-09,ODR,18587.143,18542.153,44.9900000000016,18588.632,18535.831,52.801000000003114
2024-09-09,RDR,18664.175,18588.254,75.92099999999846,18685.289,18574.289,111.0
2024-09-10,ADR,18692.564,18615.231,77.33299999999872,18695.254,18606.775,88.47899999999936
2024-09-10,ODR,18649.597,18584.786,64.81100000000151,18650.975,18582.775,68.19999999999709
2024-09-10,RDR,18768.075,18681.91,86.16500000000087,18791.708,18659.42,132.28800000000047
2024-09-11,ADR,18827.109,18785.653,41.45600000000195,18828.798,18774.942,53.85599999999977
2024-09-11,ODR,18793.653,18760.575,33.0779999999977,18797.132,18757.476,39.65600000000268
2024-09-11,RDR,18874.489,18632.108,242.38100000000122,18879.121,18619.675,259.4459999999999
2024-09-12,ADR,19244.808,19209.842,34.96600000000035,19244.999,19206.986,38.01299999999901
2024-09-12,ODR,19303.854,19254.489,49.36499999999796,19312.189,19244.998,67.1909999999989
2024-09-12,RDR,19314.92,19182.354,132.5659999999989,19326.964,19159.31,167.65399999999863
2024-09-16,ADR,19522.775,19500.645,22.13000000000102,19526.097,19498.536,27.561000000001513
2024-09-16,ODR,19500.297,19472.318,27.97899999999936,19502.286,19468.645,33.64099999999962
2024-09-16,RDR,19440.532,19328.297,112.23500000000058,19447.064,19310.765,136.29899999999907
2024-09-17,ADR,19436.754,19417.264,19.4900000000016,19439.798,19415.243,24.55500000000029
2024-09-17,ODR,19494.109,19445.942,48.16700000000128,19497.997,19443.976,54.02100000000064
2024-09-17,RDR,19555.819,19482.519,73.29999999999927,19581.365,19463.031,118.33400000000256
2024-09-18,ADR,19460.076,19442.897,17.179000000000087,19461.908,19442.043,19.864999999997963
2024-09-18,ODR,19475.953,19441.586,34.36700000000201,19479.909,19433.419,46.48999999999796
2024-09-18,RDR,19478.886,19411.909,66.97699999999895,19490.119,19400.209,89.90999999999985
2024-09-19,ADR,19546.019,19408.276,137.74299999999857,19603.476,19401.608,201.86799999999857
2024-09-19,ODR,19701.109,19648.486,52.62299999999959,19701.609,19634.097,67.5119999999988
2024-09-19,RDR,19884.076,19755.009,129.06700000000274,19890.275,19718.865,171.40999999999985
2024-09-23,ADR,19853.021,19799.309,53.711999999999534,19853.298,19798.598,54.69999999999709
2024-09-23,ODR,19854.62,19739.999,114.62099999999919,19856.587,19724.043,132.54399999999805
2024-09-23,RDR,19874.354,19819.853,54.501000000000204,19888.889,19801.286,87.60299999999916
2024-09-24,ADR,19844.665,19825.864,18.800999999999476,19852.654,19825.653,27.001000000000204
2024-09-24,ODR,19928.075,19874.72,53.35499999999956,19928.732,19868.82,59.91200000000026
2024-09-24,RDR,19909.099,19763.808,145.29099999999744,19929.254,19740.609,188.64500000000044
2024-09-25,ADR,19959.376,19924.164,35.211999999999534,19960.597,19916.775,43.822000000000116
2024-09-25,ODR,19883.754,19845.721,38.03299999999945,19888.389,19837.542,50.846999999997934
2024-09-25,RDR,20040.753,19914.808,125.94499999999971,20044.409,19914.808,129.60099999999875
2024-09-26,ADR,20079.599,20027.098,52.500999999996566,20084.289,20024.521,59.76800000000003
2024-09-26,ODR,20268.219,20234.242,33.97700000000259,20275.832,20228.564,47.26800000000003
2024-09-26,RDR,20280.521,20119.143,161.3780000000006,20294.319,20111.643,182.67599999999948
2024-09-30,ADR,20061.998,20025.954,36.04399999999805,20068.289,20022.987,45.30199999999968
2024-09-30,ODR,20022.62,19969.698,52.92199999999866,20028.609,19965.497,63.11200000000099
2024-09-30,RDR,20034.065,19926.098,107.96699999999691,20045.042,19912.498,132.5440000000017
2024-10-01,ADR,20040.987,20014.454,26.532999999999447,20044.943,20010.209,34.73400000000038
2024-10-01,ODR,20074.632,20007.131,67.5010000000002,20076.799,20003.62,73.17900000000009
2024-10-01,RDR,20040.199,19706.22,333.97899999999936,20054.653,19681.221,373.43199999999706
2024-10-02,ADR,19753.631,19698.709,54.9220000000023,19754.899,19693.065,61.83400000000256
2024-10-02,ODR,19754.543,19706.564,47.979000000003,19764.209,19690.842,73.36699999999837
2024-10-02,RDR,19799.875,19629.61,170.26499999999942,19807.376,19627.476,179.90000000000146
2024-10-03,ADR,19851.565,19796.576,54.98899999999776,19852.519,19779.208,73.31100000000151
2024-10-03,ODR,19758.976,19662.842,96.1339999999982,19762.699,19647.942,114.75700000000143
2024-10-03,RDR,19906.009,19709.997,196.0119999999988,19911.619,19692.931,218.68799999999828
2024-10-07,ADR,20049.021,20008.075,40.94599999999991,20051.809,20005.22,46.58899999999994
2024-10-07,ODR,20013.02,19945.297,67.72300000000178,20015.299,19936.242,79.0570000000007
2024-10-07,RDR,19987.253,19908.742,78.51100000000224,19987.465,19893.253,94.21199999999953
2024-10-08,ADR,19832.11,19783.189,48.921000000002095,19837.297,19778.21,59.086999999999534
2024-10-08,ODR,19831.489,19763.009,68.4800000000032,19836.987,19752.731,84.25600000000122
2024-10-08,RDR,19997.519,19886.343,111.17599999999948,20009.389,19881.153,128.2360000000008
2024-10-09,ADR,20087.299,20079.489,7.809999999997672,20088.089,20072.387,15.702000000001135
2024-10-09,ODR,20039.531,20009.097,30.433999999997468,20048.654,20003.308,45.34599999999773
2024-10-09,RDR,20150.999,20059.153,91.84600000000137,20161.789,20048.076,113.71299999999974
2024-10-10,ODR,20255.31,20229.521,25.78900000000067,20262.108,20221.81,40.297999999998865
2024-10-10,RDR,20216.464,20120.865,95.59899999999834,20224.909,20110.954,113.95499999999811
2024-10-14,ADR,20268.089,20239.52,28.568999999999505,20272.721,20235.754,36.96700000000055
2024-10-14,ODR,20287.589,20254.875,32.71399999999994,20288.81,20246.798,42.012000000002445
2024-10-14,RDR,20490.819,20373.408,117.41100000000006,20498.742,20364.408,134.33399999999892
2024-10-15,ADR,20456.054,20441.375,14.679000000000087,20457.999,20440.876,17.122999999999593
2024-10-15,ODR,20433.689,20412.597,21.091999999996915,20435.909,20410.22,25.688999999998487
2024-10-15,RDR,20467.808,20339.276,128.53199999999924,20482.232,20334.464,147.76800000000003
2024-10-16,ADR,20191.81,20171.753,20.0570000000007,20194.589,20169.865,24.72399999999834
2024-10-16,ODR,20215.387,20166.986,48.40099999999802,20218.019,20156.387,61.632000000001426
2024-10-16,RDR,20178.007,20049.565,128.44200000000274,20183.054,20032.508,150.54599999999846
2024-10-17,ADR,20148.843,20116.608,32.23500000000058,20150.798,20103.053,47.74499999999898
2024-10-17,ODR,20281.242,20231.753,49.48899999999776,20281.242,20231.565,49.67699999999968
2024-10-17,RDR,20399.398,20204.253,195.14500000000044,20402.564,20194.02,208.54399999999805
2024-10-21,ODR,20295.786,20273.31,22.47599999999875,20299.589,20267.22,32.36899999999878
2024-10-21,RDR,20388.943,20266.864,122.0789999999979,20392.776,20263.089,129.68700000000172
2024-10-22,ADR,20360.376,20331.531,28.845000000001164,20360.599,20323.042,37.55699999999706
2024-10-22,ODR,20327.409,20288.808,38.60099999999875,20328.689,20281.231,47.45799999999872
2024-10-22,RDR,20354.487,20241.042,113.44499999999971,20360.432,20211.297,149.13500000000204
2024-10-23,ADR,20375.076,20355.586,19.4900000000016,20377.576,20351.32,26.256000000001222
2024-10-23,ODR,20376.789,20343.309,33.47999999999956,20383.943,20337.753,46.18999999999869
2024-10-23,RDR,20285.619,20219.72,65.89899999999761,20304.864,20194.099,110.76500000000306
2024-10-24,ADR,20146.897,20131.843,15.054000000000087,20149.389,20129.597,19.791999999997643
2024-10-24,ODR,20239.565,20171.897,67.66799999999785,20241.608,20167.999,73.60900000000038
2024-10-24,RDR,20225.086,20156.609,68.47699999999895,20232.608,20151.21,81.39800000000105
2024-10-28,ADR,20497.919,20471.031,26.88800000000265,20504.419,20468.821,35.598000000001775
2024-10-28,ODR,20519.41,20466.075,53.33499999999913,20523.375,20462.353,61.022000000000844
2024-10-28,RDR,20461.031,20409.376,51.654999999998836,20474.087,20389.82,84.26699999999983
2024-10-29,ADR,20375.187,20356.131,19.056000000000495,20381.776,20347.565,34.21100000000297
2024-10-29,ODR,20400.075,20348.41,51.66500000000087,20405.119,20340.286,64.83299999999872
2024-10-29,RDR,20458.889,20399.576,59.31299999999828,20466.399,20398.397,68.00200000000041
2024-10-30,ADR,20633.186,20618.221,14.965000000000146,20638.832,20614.131,24.700999999997293
2024-10-30,ODR,20620.753,20580.71,40.043000000001484,20624.099,20572.353,51.745999999999185
2024-10-30,RDR,20549.297,20476.365,72.93199999999706,20553.897,20470.131,83.76599999999962
2024-10-31,ADR,20322.219,20289.842,32.37700000000041,20324.989,20283.932,41.0570000000007
2024-10-31,ODR,20186.465,20155.143,31.322000000000116,20195.242,20148.421,46.82099999999991
2024-10-31,RDR,20008.989,19927.009,81.9800000000032,20024.931,19921.942,102.9890000000014
2024-11-04,ADR,20031.089,20004.376,26.712999999999738,20036.699,20001.509,35.19000000000233
2024-11-04,ODR,20071.821,20024.008,47.81299999999828,20084.553,20015.442,69.11100000000079
2024-11-04,RDR,20079.021,19921.453,157.5679999999993,20085.376,19894.61,190.76599999999962
2024-11-05,ADR,19967.108,19939.509,27.59900000000198,19971.486,19932.908,38.57800000000134
2024-11-05,ODR,20029.42,19989.042,40.37799999999697,20030.199,19984.81,45.388999999999214
2024-11-05,RDR,20189.186,20034.842,154.34400000000096,20203.376,20030.686,172.6899999999987
2024-11-06,ADR,20297.162,20252.131,45.03099999999904,20305.42,20249.397,56.02299999999741
2024-11-06,ODR,20585.564,20537.709,47.85499999999956,20611.432,20533.398,78.03399999999965
2024-11-06,RDR,20673.854,20537.087,136.76699999999983,20683.908,20522.909,160.9989999999998
2024-11-07,ADR,20762.865,20738.21,24.655000000002474,20764.643,20736.943,27.700000000000728
2024-11-07,ODR,20834.387,20797.187,37.19999999999709,20836.199,20791.687,44.51199999999881
2024-11-07,RDR,20997.431,20882.264,115.16700000000128,21009.854,20880.343,129.5109999999986
2024-11-11,ADR,21185.854,21154.786,31.0679999999993,21189.165,21149.143,40.022000000000844
2024-11-11,ODR,21213.297,21181.287,32.0099999999984,21214.064,21174.353,39.71099999999933
2024-11-11,RDR,21173.708,21052.364,121.34399999999732,21183.799,21047.531,136.26800000000003
2024-11-12,ADR,21128.989,21094.01,34.979000000003,21130.876,21089.687,41.18899999999849
2024-11-12,ODR,21123.789,21088.586,35.20300000000134,21132.253,21088.586,43.66700000000128
2024-11-12,RDR,21128.753,21085.541,43.211999999999534,21143.999,21074.254,69.74499999999898
2024-11-13,ADR,21044.887,21033.443,11.443999999999505,21046.089,21030.064,16.025000000001455
2024-11-13,ODR,21068.899,21013.597,55.30199999999968,21070.097,21010.998,59.09900000000198
2024-11-13,RDR,21070.476,20983.089,87.3869999999988,21075.61,20950.187,125.42299999999886
2024-11-14,ADR,21046.342,21020.708,25.634000000001834,21050.819,21019.31,31.508999999998196
2024-11-14,ODR,21055.089,21018.34,36.748999999999796,21063.319,21013.121,50.19800000000032
2024-11-14,RDR,21052.076,20932.042,120.03399999999965,21064.176,20932.042,132.1339999999982
2024-11-18,ADR,20533.41,20496.02,37.38999999999942,20534.809,20494.131,40.677999999999884
2024-11-18,ODR,20547.798,20499.032,48.76599999999962,20553.265,20486.086,67.17900000000009
2024-11-18,RDR,20557.92,20421.208,136.71199999999953,20559.465,20407.319,152.14600000000064
2024-11-19,ADR,20548.008,20517.309,30.699000000000524,20548.497,20511.421,37.07600000000093
2024-11-19,ODR,20590.297,20471.087,119.20999999999913,20592.308,20467.442,124.8660000000018
2024-11-19,RDR,20512.731,20425.019,87.71199999999953,20513.765,20413.343,100.42199999999866
2024-11-20,ADR,20738.821,20716.586,22.235000000000582,20742.531,20710.765,31.76599999999962
2024-11-20,ODR,20743.521,20705.198,38.32300000000032,20752.832,20704.343,48.48899999999776
2024-11-20,RDR,20661.575,20420.398,241.17699999999968,20666.376,20388.398,277.97799999999916
2024-11-21,ADR,20612.865,20552.332,60.533000000003085,20621.631,20543.642,77.9890000000014
2024-11-21,ODR,20600.497,20553.354,47.14300000000003,20617.289,20551.009,66.28000000000247
2024-11-21,RDR,20790.953,20448.664,342.28900000000067,20821.208,20441.12,380.08799999999974
2024-11-25,ADR,20886.965,20868.631,18.333999999998923,20888.699,20866.287,22.412000000000262
2024-11-25,ODR,20884.064,20867.553,16.510999999998603,20887.265,20854.964,32.300999999999476
2024-11-25,RDR,20985.454,20814.765,170.68900000000212,21004.697,20793.787,210.90999999999985
2024-11-26,ADR,20751.109,20693.153,57.95600000000195,20751.109,20682.031,69.07800000000134
2024-11-26,ODR,20817.009,20788.476,28.532999999999447,20820.508,20778.509,41.999000000003434
2024-11-26,RDR,20943.976,20848.489,95.48699999999735,20952.208,20843.264,108.9439999999995
2024-11-27,ADR,20916.219,20900.687,15.531999999999243,20917.875,20897.209,20.666000000001077
2024-11-27,ODR,20903.519,20852.831,50.68800000000192,20905.898,20847.41,58.48800000000119
2024-11-27,RDR,20861.875,20705.108,156.76699999999983,20864.121,20691.587,172.53399999999965
2024-11-28,ADR,20787.531,20779.409,8.121999999999389,20788.386,20777.908,10.477999999999156
2024-11-28,ODR,20799.676,20782.187,17.48899999999776,20804.289,20780.708,23.58100000000195
2024-11-28,RDR,20834.554,20808.321,26.233000000000175,20837.089,20808.321,28.76800000000003
2024-12-02,ADR,20913.297,20889.71,23.586999999999534,20914.687,20884.12,30.567000000002736
2024-12-02,ODR,20912.665,20895.775,16.889999999999418,20914.665,20894.143,20.522000000000844
2024-12-02,RDR,21131.754,20985.297,146.45700000000215,21136.632,20969.753,166.87900000000081
2024-12-03,ADR,21161.053,21145.997,15.056000000000495,21164.219,21144.697,19.522000000000844
2024-12-03,ODR,21183.199,21155.176,28.023000000001048,21184.419,21152.632,31.787000000000262
2024-12-03,RDR,21159.32,21101.387,57.9330000000009,21178.799,21077.119,101.68000000000029
2024-12-04,ADR,21279.175,21264.486,14.688999999998487,21281.198,21262.875,18.32300000000032
2024-12-04,ODR,21332.032,21295.042,36.98999999999796,21333.343,21292.075,41.26800000000003
2024-12-04,RDR,21404.532,21336.398,68.1339999999982,21411.789,21336.042,75.74699999999939
2024-12-05,ADR,21459.853,21445.053,14.799999999999272,21461.299,21443.131,18.167999999997846
2024-12-05,ODR,21454.719,21441.643,13.076000000000931,21457.589,21436.831,20.75800000000163
2024-12-05,RDR,21489.432,21455.064,34.36800000000221,21499.031,21446.486,52.544999999998254
2024-12-09,ADR,21608.965,21585.91,23.05500000000029,21610.52,21584.053,26.467000000000553
2024-12-09,ODR,21660.319,21640.21,20.10900000000038,21662.21,21636.775,25.43499999999767
2024-12-09,RDR,21601.942,21514.621,87.32099999999991,21605.564,21505.632,99.93199999999706
2024-12-10,ADR,21445.343,21427.31,18.032999999999447,21445.343,21426.965,18.37800000000061
2024-12-10,ODR,21425.008,21413.386,11.622000000003027,21426.897,21409.453,17.443999999999505
2024-12-10,RDR,21563.065,21486.898,76.16699999999764,21569.487,21467.465,102.02200000000084
2024-12-11,ADR,21390.52,21369.531,20.989000000001397,21394.11,21367.643,26.467000000000553
2024-12-11,ODR,21402.109,21378.908,23.20100000000093,21405.619,21376.499,29.11999999999898
2024-12-11,RDR,21696.664,21548.575,148.08899999999994,21698.22,21532.742,165.4780000000028
2024-12-12,ADR,21722.554,21709.721,12.83299999999872,21723.575,21707.608,15.967000000000553
2024-12-12,ODR,21733.909,21712.887,21.022000000000844,21735.276,21707.71,27.566000000002532
2024-12-12,RDR,21673.397,21615.143,58.254000000000815,21684.609,21590.675,93.9340000000011
2024-12-16,ADR,21788.398,21770.454,17.943999999999505,21789.519,21769.42,20.09900000000198
2024-12-16,ODR,21796.865,21780.331,16.53400000000329,21798.698,21774.842,23.855999999999767
2024-12-16,RDR,21975.042,21879.197,95.84500000000116,21976.097,21876.889,99.20800000000236
2024-12-17,ADR,22087.787,22068.131,19.65599999999904,22090.489,22063.22,27.269000000000233
2024-12-17,ODR,22044.732,22021.632,23.099999999998545,22052.375,22009.754,42.620999999999185
2024-12-17,RDR,22038.754,21925.51,113.24400000000242,22044.208,21921.999,122.20899999999892
2024-12-18,ADR,21982.389,21960.319,22.06999999999971,21984.799,21957.654,27.145000000000437
2024-12-18,ODR,22033.999,22006.62,27.379000000000815,22036.808,22006.231,30.577000000001135
2024-12-18,RDR,21998.053,21909.343,88.70999999999913,22001.31,21890.389,110.9210000000021
2024-12-19,ADR,21249.219,21185.72,63.498999999999796,21251.632,21185.489,66.14300000000003
2024-12-19,ODR,21289.021,21241.676,47.345000000001164,21290.999,21231.909,59.090000000000146
2024-12-19,RDR,21376.698,21215.142,161.5560000000005,21400.409,21212.219,188.1899999999987
2024-12-23,ADR,21390.953,21333.586,57.36700000000201,21391.108,21328.898,62.20999999999913
2024-12-23,ODR,21441.553,21400.153,41.400000000001455,21449.599,21392.199,57.39999999999782
2024-12-23,RDR,21391.773,21254.132,137.64099999999962,21405.71,21217.043,188.66699999999764
2024-12-26,ADR,21816.221,21802.797,13.424000000002707,21819.621,21800.631,18.989999999997963
2024-12-26,ODR,21833.108,21738.175,94.9330000000009,21833.108,21712.942,120.16600000000108
2024-12-26,RDR,21755.576,21644.632,110.9439999999995,21763.52,21632.854,130.66600000000108
2024-12-30,ADR,21500.308,21460.465,39.84300000000076,21501.199,21460.086,41.11300000000119
2024-12-30,ODR,21446.789,21412.762,34.02700000000186,21452.498,21400.231,52.266999999999825
2024-12-30,RDR,21188.186,21049.92,138.26600000000326,21194.943,21039.053,155.88999999999942
