trading_date,range_type,direction,confirmation_time,confirmation_price,dr_high,dr_low,dr_range,extreme_type,extreme_price,extreme_time,first_retracement_occurred,first_retracement_percent,first_retracement_price,first_retracement_time,maximum_retracement_before_extreme,maximum_retracement_price,maximum_retracement_time,retracement_episode_count
2024-01-08,ADR,SHORT,2024-01-07 20:45:00,16326.889,16340.149,16331.269,8.8799999999992,LOD,16501.839,2024-01-09 08:45:00,False,,,,,,,0
2024-01-08,ODR,SHORT,2024-01-08 04:20:00,16247.989,16293.829,16265.209,28.61999999999898,LOD,16501.839,2024-01-09 08:45:00,False,,,,,,,0
2024-01-09,ODR,SHORT,2024-01-09 04:05:00,16576.719,16609.939,16582.219,27.71999999999753,LOD,16653.059,2024-01-10 10:05:00,False,,,,,,,0
2024-01-11,ADR,LONG,2024-01-10 21:10:00,16843.829,16841.169,16814.709,26.460000000002765,HOD,16903.819,2024-01-12 09:45:00,False,,,,,,,0
2024-01-11,RDR,SHORT,2024-01-11 11:10:00,16647.309,16868.809,16696.099,172.71000000000276,LOD,16727.029,2024-01-12 06:45:00,False,,,,,,,0
2024-01-16,RDR,LONG,2024-01-16 10:40:00,16874.865,16864.543,16737.489,127.05400000000007,HOD,16844.589,2024-01-16 19:00:00,False,,,,,,,0
2024-01-17,ADR,SHORT,2024-01-16 20:40:00,16810.553,16828.708,16817.275,11.432999999997264,LOD,16709.631,2024-01-17 18:05:00,False,,,,,,,0
2024-01-17,ODR,SHORT,2024-01-17 04:10:00,16686.799,16724.808,16695.51,29.298000000002503,LOD,16709.631,2024-01-17 18:05:00,False,,,,,,,0
2024-01-18,ADR,SHORT,2024-01-17 20:35:00,16723.797,16745.231,16726.709,18.522000000000844,LOD,16980.154,2024-01-18 18:00:00,False,,,,,,,0
2024-01-22,ODR,LONG,2024-01-22 04:05:00,17411.565,17410.186,17389.586,20.600000000002183,HOD,17429.187,2024-01-23 16:00:00,False,,,,,,,0
2024-01-23,ADR,SHORT,2024-01-22 20:40:00,17328.119,17344.164,17328.876,15.288000000000466,LOD,17430.754,2024-01-23 18:00:00,False,,,,,,,0
2024-01-25,ODR,LONG,2024-01-25 07:00:00,17535.543,17527.175,17490.32,36.85499999999956,HOD,17517.331,2024-01-26 12:05:00,False,,,,,,,0
2024-01-25,RDR,LONG,2024-01-25 11:45:00,17615.521,17609.332,17549.698,59.6339999999982,HOD,17517.331,2024-01-26 12:05:00,False,,,,,,,0
2024-02-06,RDR,SHORT,2024-02-06 11:45:00,17506.119,17651.765,17529.587,122.17799999999988,LOD,17542.719,2024-02-07 01:30:00,False,,,,,,,0
2024-02-07,ADR,SHORT,2024-02-07 01:25:00,17553.021,17623.52,17567.287,56.233000000000175,LOD,17708.608,2024-02-08 08:20:00,False,,,,,,,0
2024-02-08,ODR,SHORT,2024-02-08 06:20:00,17730.91,17764.889,17742.91,21.97899999999936,LOD,17770.042,2024-02-08 20:55:00,False,,,,,,,0
2024-02-12,ODR,LONG,2024-02-12 04:05:00,17975.597,17971.789,17955.497,16.29200000000128,HOD,17885.908,2024-02-13 03:05:00,False,,,,,,,0
2024-02-12,RDR,LONG,2024-02-12 10:35:00,17972.476,17964.689,17938.71,25.97899999999936,HOD,17885.908,2024-02-13 03:05:00,False,,,,,,,0
2024-02-13,ADR,LONG,2024-02-12 21:30:00,17856.22,17852.331,17846.465,5.865999999998167,HOD,17813.976,2024-02-14 15:55:00,False,,,,,,,0
2024-02-14,RDR,SHORT,2024-02-14 11:00:00,17651.11,17771.799,17679.443,92.35599999999975,LOD,17715.889,2024-02-15 11:05:00,False,,,,,,,0
2024-02-15,RDR,SHORT,2024-02-15 11:05:00,17721.821,17819.042,17742.065,76.97700000000259,LOD,17652.442,2024-02-16 10:00:00,False,,,,,,,0
2024-02-19,ODR,LONG,2024-02-19 04:55:00,17721.443,17719.453,17683.865,35.58799999999974,HOD,17729.686,2024-02-19 18:00:00,False,,,,,,,0
2024-02-21,ODR,SHORT,2024-02-21 07:05:00,17448.332,17516.42,17458.289,58.130999999997584,LOD,17621.11,2024-02-21 18:05:00,False,,,,,,,0
2024-02-21,RDR,SHORT,2024-02-21 12:10:00,17388.097,17463.254,17403.251,60.00300000000061,LOD,17621.11,2024-02-21 18:05:00,False,,,,,,,0
2024-02-27,ODR,LONG,2024-02-27 04:00:00,17948.708,17944.197,17909.054,35.14300000000003,HOD,17974.031,2024-02-27 18:00:00,False,,,,,,,0
2024-02-29,RDR,SHORT,2024-02-29 11:25:00,17938.987,18025.019,17946.432,78.58699999999953,LOD,17990.798,2024-03-01 05:25:00,False,,,,,,,0
2024-03-04,ADR,LONG,2024-03-03 20:35:00,18310.065,18308.299,18301.564,6.735000000000582,HOD,18218.599,2024-03-04 18:00:00,False,,,,,,,0
2024-03-07,ADR,SHORT,2024-03-06 21:20:00,17912.686,17973.086,17942.943,30.14300000000003,LOD,17995.021,2024-03-08 13:35:00,False,,,,,,,0
2024-03-12,ADR,SHORT,2024-03-11 20:30:00,18020.808,18042.999,18022.809,20.18999999999869,LOD,18026.675,2024-03-13 10:40:00,False,,,,,,,0
2024-03-14,ADR,LONG,2024-03-13 20:35:00,18119.719,18116.71,18102.199,14.510999999998605,HOD,18073.099,2024-03-15 05:40:00,False,,,,,,,0
2024-03-19,ODR,SHORT,2024-03-19 06:00:00,17902.876,18001.31,17915.743,85.56700000000274,LOD,17977.176,2024-03-19 20:45:00,False,,,,,,,0
2024-03-20,ADR,SHORT,2024-03-19 20:30:00,17987.932,18007.121,17994.221,12.899999999997815,LOD,18311.375,2024-03-21 14:55:00,False,,,,,,,0
2024-03-21,RDR,LONG,2024-03-21 10:35:00,18434.454,18425.909,18381.331,44.57800000000134,HOD,18391.043,2024-03-22 12:55:00,False,,,,,,,0
2024-03-26,ODR,LONG,2024-03-26 04:15:00,18374.886,18363.242,18339.019,24.222999999998137,HOD,18352.31,2024-03-27 08:30:00,False,,,,,,,0
2024-03-26,RDR,LONG,2024-03-26 10:55:00,18351.798,18342.689,18310.41,32.27899999999863,HOD,18352.31,2024-03-27 08:30:00,False,,,,,,,0
2024-03-27,RDR,SHORT,2024-03-27 10:55:00,18175.532,18214.742,18180.042,34.69999999999709,LOD,18226.332,2024-03-28 13:00:00,False,,,,,,,0
2024-04-02,ADR,LONG,2024-04-01 22:30:00,18270.809,18267.687,18249.921,17.76600000000326,HOD,18240.632,2024-04-03 11:30:00,False,,,,,,,0
2024-04-02,ODR,LONG,2024-04-02 04:15:00,18297.975,18288.889,18242.086,46.80299999999989,HOD,18240.632,2024-04-03 11:30:00,False,,,,,,,0
2024-04-04,ODR,LONG,2024-04-04 04:05:00,18246.476,18238.165,18209.086,29.079000000001543,HOD,18210.709,2024-04-05 13:00:00,False,,,,,,,0
2024-04-09,ADR,SHORT,2024-04-08 21:55:00,18094.032,18119.832,18101.775,18.05699999999706,LOD,17865.886,2024-04-10 08:40:00,False,,,,,,,0
2024-04-09,ODR,SHORT,2024-04-09 06:35:00,18067.932,18135.119,18083.042,52.0769999999975,LOD,17865.886,2024-04-10 08:40:00,False,,,,,,,0
2024-04-09,RDR,SHORT,2024-04-09 10:30:00,18049.965,18198.954,18091.575,107.3790000000008,LOD,17865.886,2024-04-10 08:40:00,False,,,,,,,0
2024-04-15,ADR,LONG,2024-04-15 01:00:00,18088.11,18078.176,18028.375,49.80099999999948,HOD,17820.343,2024-04-16 14:10:00,False,,,,,,,0
2024-04-15,ODR,LONG,2024-04-15 05:00:00,18119.742,18109.865,18082.953,26.912000000000265,HOD,17820.343,2024-04-16 14:10:00,False,,,,,,,0
2024-04-17,ODR,LONG,2024-04-17 04:20:00,17728.176,17715.673,17659.009,56.66400000000067,HOD,17614.389,2024-04-18 02:20:00,False,,,,,,,0
2024-04-18,ADR,LONG,2024-04-17 21:10:00,17544.386,17538.965,17523.132,15.83299999999872,HOD,17403.299,2024-04-19 08:30:00,False,,,,,,,0
2024-04-18,RDR,LONG,2024-04-18 10:35:00,17530.865,17517.409,17408.219,109.18999999999868,HOD,17403.299,2024-04-19 08:30:00,False,,,,,,,0
2024-04-22,ADR,SHORT,2024-04-21 20:35:00,17087.643,17126.586,17106.942,19.64400000000024,LOD,17144.586,2024-04-22 19:10:00,False,,,,,,,0
2024-04-22,ODR,SHORT,2024-04-22 04:00:00,17100.276,17155.942,17109.975,45.96700000000055,LOD,17144.586,2024-04-22 19:10:00,False,,,,,,,0
2024-04-22,RDR,SHORT,2024-04-22 10:50:00,17031.487,17184.609,17050.465,134.14400000000023,LOD,17144.586,2024-04-22 19:10:00,False,,,,,,,0
2024-04-23,ADR,SHORT,2024-04-22 21:45:00,17168.765,17189.71,17174.308,15.401999999998225,LOD,17389.919,2024-04-24 16:05:00,False,,,,,,,0
2024-04-24,ADR,LONG,2024-04-23 21:15:00,17583.464,17573.208,17544.365,28.84299999999712,HOD,17690.131,2024-04-25 16:05:00,False,,,,,,,0
2024-04-30,ADR,LONG,2024-04-29 21:25:00,17789.243,17786.576,17774.309,12.266999999999824,HOD,17676.119,2024-05-01 15:00:00,False,,,,,,,0
2024-05-01,ODR,SHORT,2024-05-01 05:05:00,17311.176,17375.609,17337.864,37.74499999999898,LOD,17283.131,2024-05-02 10:05:00,False,,,,,,,0
2024-05-01,RDR,SHORT,2024-05-01 11:15:00,17305.109,17381.01,17330.819,50.190999999998894,LOD,17283.131,2024-05-02 10:05:00,False,,,,,,,0
2024-05-06,ADR,SHORT,2024-05-06 00:45:00,17884.653,17914.52,17889.075,25.44499999999971,LOD,18044.543,2024-05-07 07:40:00,False,,,,,,,0
2024-05-07,RDR,LONG,2024-05-07 10:55:00,18143.165,18120.799,18081.308,39.49099999999817,HOD,18138.398,2024-05-08 10:45:00,False,,,,,,,0
2024-05-09,ODR,SHORT,2024-05-09 05:15:00,18006.819,18056.743,18025.519,31.22399999999834,LOD,18091.389,2024-05-10 10:55:00,False,,,,,,,0
2024-05-14,ADR,SHORT,2024-05-13 20:40:00,18184.631,18194.276,18189.064,5.212000000003172,LOD,18294.731,2024-05-15 03:45:00,False,,,,,,,0
2024-05-15,ADR,SHORT,2024-05-14 20:35:00,18303.564,18324.21,18317.308,6.901999999998225,LOD,18542.753,2024-05-16 16:10:00,False,,,,,,,0
2024-05-16,ADR,LONG,2024-05-15 23:30:00,18638.953,18634.299,18623.264,11.034999999999854,HOD,18592.809,2024-05-17 08:55:00,False,,,,,,,0
2024-05-16,RDR,LONG,2024-05-16 10:40:00,18634.932,18628.289,18583.842,44.44700000000012,HOD,18592.809,2024-05-17 08:55:00,False,,,,,,,0
2024-05-23,ADR,SHORT,2024-05-22 20:40:00,18783.81,18797.689,18786.719,10.969999999997526,LOD,18610.61,2024-05-23 18:10:00,False,,,,,,,0
2024-05-23,ODR,LONG,2024-05-23 05:40:00,18877.853,18871.099,18853.454,17.6449999999968,HOD,18853.975,2024-05-24 14:15:00,False,,,,,,,0
2024-05-23,RDR,SHORT,2024-05-23 10:50:00,18761.289,18905.831,18777.176,128.65499999999884,LOD,18610.61,2024-05-23 18:10:00,False,,,,,,,0
2024-05-29,RDR,LONG,2024-05-29 10:30:00,18803.475,18792.389,18697.643,94.7459999999992,HOD,18723.719,2024-05-30 08:45:00,False,,,,,,,0
2024-05-30,ODR,LONG,2024-05-30 04:00:00,18643.409,18638.389,18596.676,41.71299999999974,HOD,18604.132,2024-05-31 08:50:00,False,,,,,,,0
2024-06-04,ODR,SHORT,2024-06-04 04:30:00,18514.854,18582.389,18532.665,49.72399999999834,LOD,18647.398,2024-06-04 18:05:00,False,,,,,,,0
2024-06-05,ADR,SHORT,2024-06-04 21:20:00,18669.953,18691.932,18677.432,14.5,LOD,18974.21,2024-06-06 14:10:00,False,,,,,,,0
2024-06-10,ODR,SHORT,2024-06-10 05:20:00,18943.91,18983.42,18967.251,16.16899999999805,LOD,18964.554,2024-06-11 09:55:00,False,,,,,,,0
2024-06-11,ODR,SHORT,2024-06-11 04:35:00,19046.289,19064.899,19049.686,15.212999999999738,LOD,19201.12,2024-06-11 18:05:00,False,,,,,,,0
2024-06-12,ADR,SHORT,2024-06-11 20:30:00,19213.076,19232.953,19216.997,15.95600000000195,LOD,19473.176,2024-06-13 12:30:00,False,,,,,,,0
2024-06-17,ADR,SHORT,2024-06-16 20:35:00,19684.409,19697.231,19690.208,7.023000000001048,LOD,19839.41,2024-06-18 11:10:00,False,,,,,,,0
2024-06-18,ADR,SHORT,2024-06-17 20:30:00,19891.721,19917.842,19894.787,23.05500000000029,LOD,19919.508,2024-06-18 20:40:00,False,,,,,,,0
2024-06-18,RDR,SHORT,2024-06-18 10:55:00,19875.597,19922.032,19887.752,34.27999999999884,LOD,19919.508,2024-06-18 20:40:00,False,,,,,,,0
2024-06-20,ADR,LONG,2024-06-19 20:30:00,19957.521,19956.497,19945.119,11.378000000000611,HOD,19814.086,2024-06-21 02:10:00,False,,,,,,,0
2024-06-25,ADR,SHORT,2024-06-24 20:55:00,19484.498,19504.475,19491.932,12.542999999997846,LOD,19637.854,2024-06-26 09:05:00,False,,,,,,,0
2024-06-27,ADR,SHORT,2024-06-26 20:35:00,19627.909,19658.698,19647.61,11.087999999999738,LOD,19660.787,2024-06-28 15:30:00,False,,,,,,,0
2024-06-27,ODR,SHORT,2024-06-27 04:20:00,19678.808,19709.662,19687.386,22.27600000000166,LOD,19660.787,2024-06-28 15:30:00,False,,,,,,,0
2024-06-27,RDR,SHORT,2024-06-27 11:30:00,19706.598,19851.787,19730.51,121.27700000000186,LOD,19660.787,2024-06-28 15:30:00,False,,,,,,,0
2024-07-02,ADR,SHORT,2024-07-01 20:30:00,19738.043,19782.086,19745.165,36.92099999999846,LOD,19963.187,2024-07-03 08:40:00,False,,,,,,,0
2024-07-02,ODR,SHORT,2024-07-02 07:10:00,19694.41,19747.886,19700.719,47.16699999999764,LOD,19963.187,2024-07-03 08:40:00,False,,,,,,,0
2024-07-03,ADR,SHORT,2024-07-02 23:25:00,19990.62,20007.397,19991.275,16.12199999999939,LOD,20132.164,2024-07-04 10:50:00,False,,,,,,,0
2024-07-04,ODR,SHORT,2024-07-04 05:00:00,20158.989,20169.732,20160.697,9.034999999999854,LOD,20142.676,2024-07-04 18:00:00,False,,,,,,,0
2024-07-04,RDR,SHORT,2024-07-04 10:45:00,20132.719,20166.753,20137.886,28.867000000002008,LOD,20142.676,2024-07-04 18:00:00,False,,,,,,,0
2024-07-08,ADR,SHORT,2024-07-07 21:00:00,20350.621,20367.875,20354.921,12.954000000001544,LOD,20389.576,2024-07-09 13:25:00,False,,,,,,,0
2024-07-09,ADR,SHORT,2024-07-08 21:55:00,20484.754,20521.687,20494.91,26.777000000001863,LOD,20463.308,2024-07-09 18:05:00,False,,,,,,,0
2024-07-09,RDR,SHORT,2024-07-09 11:20:00,20458.021,20537.984,20479.165,58.81899999999951,LOD,20463.308,2024-07-09 18:05:00,False,,,,,,,0
2024-07-15,RDR,LONG,2024-07-15 10:30:00,20491.653,20477.799,20393.299,84.5,HOD,20481.489,2024-07-16 09:35:00,False,,,,,,,0
2024-07-17,ADR,LONG,2024-07-16 20:40:00,20375.243,20368.576,20357.253,11.32300000000032,HOD,19968.689,2024-07-18 09:05:00,False,,,,,,,0
2024-07-18,ADR,LONG,2024-07-17 20:30:00,19874.789,19872.186,19862.921,9.265000000003056,HOD,19793.699,2024-07-18 18:15:00,False,,,,,,,0
2024-07-22,ADR,SHORT,2024-07-21 21:45:00,19585.532,19655.143,19603.721,51.42199999999866,LOD,19691.198,2024-07-23 03:25:00,False,,,,,,,0
2024-07-23,ODR,LONG,2024-07-23 05:15:00,19775.754,19760.087,19703.397,56.68999999999869,HOD,19674.543,2024-07-23 18:10:00,False,,,,,,,0
2024-07-23,RDR,LONG,2024-07-23 11:10:00,19877.01,19855.989,19779.842,76.14700000000084,HOD,19674.543,2024-07-23 18:10:00,False,,,,,,,0
2024-07-24,ADR,LONG,2024-07-23 20:40:00,19660.875,19646.342,19620.264,26.07800000000134,HOD,19228.489,2024-07-25 13:10:00,False,,,,,,,0
2024-07-29,ADR,LONG,2024-07-28 20:40:00,19144.231,19135.664,19087.498,48.16600000000108,HOD,19171.243,2024-07-30 09:40:00,False,,,,,,,0
2024-07-29,ODR,LONG,2024-07-29 08:25:00,19173.998,19172.12,19082.508,89.61199999999735,HOD,19171.243,2024-07-30 09:40:00,False,,,,,,,0
2024-07-30,ADR,SHORT,2024-07-29 21:35:00,18965.589,19021.853,18978.453,43.39999999999782,LOD,18728.89,2024-07-30 18:00:00,False,,,,,,,0
2024-07-30,RDR,SHORT,2024-07-30 10:30:00,19001.343,19140.319,19017.61,122.70899999999892,LOD,18728.89,2024-07-30 18:00:00,False,,,,,,,0
2024-08-13,ODR,SHORT,2024-08-13 05:05:00,18638.598,18704.943,18645.564,59.379000000000815,LOD,18834.01,2024-08-14 10:35:00,False,,,,,,,0
2024-08-14,ODR,SHORT,2024-08-14 04:05:00,18977.432,19008.831,18993.575,15.255999999997584,LOD,19002.654,2024-08-14 19:45:00,False,,,,,,,0
2024-08-14,RDR,SHORT,2024-08-14 10:30:00,18840.886,19040.031,18892.489,147.54199999999764,LOD,19002.654,2024-08-14 19:45:00,False,,,,,,,0
2024-08-15,ODR,SHORT,2024-08-15 04:25:00,19050.397,19097.275,19063.642,33.63300000000163,LOD,19350.886,2024-08-16 08:35:00,False,,,,,,,0
2024-08-19,ODR,SHORT,2024-08-19 04:00:00,19466.209,19510.721,19478.309,32.41200000000026,LOD,19650.82,2024-08-20 10:40:00,False,,,,,,,0
2024-08-22,ODR,LONG,2024-08-22 05:15:00,19846.132,19834.653,19813.932,20.72099999999773,HOD,19823.419,2024-08-23 10:25:00,False,,,,,,,0
2024-08-26,ADR,LONG,2024-08-25 20:35:00,19720.699,19708.386,19658.889,49.49699999999939,HOD,19621.397,2024-08-27 11:00:00,False,,,,,,,0
2024-08-26,ODR,LONG,2024-08-26 04:05:00,19768.465,19757.975,19714.81,43.16499999999724,HOD,19621.397,2024-08-27 11:00:00,False,,,,,,,0
2024-09-03,ADR,LONG,2024-09-02 21:10:00,19552.321,19546.554,19514.22,32.33399999999892,HOD,19069.699,2024-09-04 11:05:00,False,,,,,,,0
2024-09-05,ADR,LONG,2024-09-04 20:45:00,18948.608,18939.387,18859.642,79.74499999999898,HOD,18936.243,2024-09-06 09:20:00,False,,,,,,,0
2024-09-10,ADR,SHORT,2024-09-10 00:30:00,18606.021,18692.564,18615.231,77.33299999999872,LOD,18525.286,2024-09-11 10:55:00,False,,,,,,,0
2024-09-10,ODR,SHORT,2024-09-10 05:05:00,18557.198,18649.597,18584.786,64.81100000000151,LOD,18525.286,2024-09-11 10:55:00,False,,,,,,,0
2024-09-11,ADR,SHORT,2024-09-10 21:30:00,18742.732,18827.109,18785.653,41.45600000000195,LOD,19159.31,2024-09-12 09:50:00,False,,,,,,,0
2024-09-11,ODR,SHORT,2024-09-11 04:35:00,18756.943,18793.653,18760.575,33.0779999999977,LOD,19159.31,2024-09-12 09:50:00,False,,,,,,,0
2024-09-11,RDR,SHORT,2024-09-11 10:30:00,18589.597,18874.489,18632.108,242.3810000000012,LOD,19159.31,2024-09-12 09:50:00,False,,,,,,,0
2024-09-12,ODR,SHORT,2024-09-12 04:00:00,19243.631,19303.854,19254.489,49.36499999999796,LOD,19382.119,2024-09-13 09:30:00,False,,,,,,,0
2024-09-16,RDR,SHORT,2024-09-16 10:30:00,19296.309,19440.532,19328.297,112.23500000000058,LOD,19326.008,2024-09-17 13:45:00,False,,,,,,,0
2024-09-17,ODR,LONG,2024-09-17 05:00:00,19502.054,19494.109,19445.942,48.16700000000128,HOD,19652.097,2024-09-18 14:00:00,False,,,,,,,0
2024-09-17,RDR,LONG,2024-09-17 10:45:00,19592.298,19555.819,19482.519,73.29999999999927,HOD,19652.097,2024-09-18 14:00:00,False,,,,,,,0
2024-09-19,RDR,LONG,2024-09-19 10:30:00,19902.508,19884.076,19755.009,129.06700000000274,HOD,19852.708,2024-09-20 15:35:00,False,,,,,,,0
2024-09-25,ADR,SHORT,2024-09-24 20:55:00,19915.389,19959.376,19924.164,35.211999999999534,LOD,19961.886,2024-09-26 11:00:00,False,,,,,,,0
2024-10-01,ADR,LONG,2024-09-30 20:45:00,20063.064,20040.987,20014.454,26.532999999999447,HOD,19882.064,2024-10-02 11:15:00,False,,,,,,,0
2024-10-01,ODR,LONG,2024-10-01 06:10:00,20078.242,20074.632,20007.131,67.5010000000002,HOD,19882.064,2024-10-02 11:15:00,False,,,,,,,0
2024-10-08,ADR,SHORT,2024-10-07 21:30:00,19772.621,19832.11,19783.189,48.921000000002095,LOD,20003.308,2024-10-09 03:20:00,False,,,,,,,0
2024-10-17,RDR,SHORT,2024-10-17 15:35:00,20191.276,20399.398,20204.253,195.14500000000044,LOD,20156.064,2024-10-17 20:30:00,False,,,,,,,0
2024-10-24,RDR,SHORT,2024-10-24 11:45:00,20120.353,20225.086,20156.609,68.47699999999895,LOD,20220.52,2024-10-25 00:05:00,False,,,,,,,0
2024-10-30,ADR,LONG,2024-10-29 20:35:00,20643.61,20633.186,20618.221,14.965000000000146,HOD,20324.989,2024-10-30 20:20:00,False,,,,,,,0
2024-10-31,ODR,LONG,2024-10-31 05:50:00,20197.964,20186.465,20155.143,31.32200000000012,HOD,20165.11,2024-11-01 10:25:00,False,,,,,,,0
2024-11-05,ADR,SHORT,2024-11-04 20:30:00,19929.889,19967.108,19939.509,27.59900000000198,LOD,20205.51,2024-11-05 19:10:00,False,,,,,,,0
2024-11-06,ODR,SHORT,2024-11-06 06:45:00,20518.299,20585.564,20537.709,47.85499999999956,LOD,20736.943,2024-11-06 19:45:00,False,,,,,,,0
2024-11-13,RDR,LONG,2024-11-13 12:10:00,21086.053,21070.476,20983.089,87.3869999999988,HOD,21079.01,2024-11-14 04:10:00,False,,,,,,,0
2024-11-14,ODR,LONG,2024-11-14 04:00:00,21073.642,21055.089,21018.34,36.7489999999998,HOD,20875.131,2024-11-14 18:00:00,False,,,,,,,0
2024-11-19,ODR,SHORT,2024-11-19 04:25:00,20426.699,20590.297,20471.087,119.20999999999913,LOD,20388.398,2024-11-20 10:20:00,False,,,,,,,0
2024-11-21,ODR,SHORT,2024-11-21 04:05:00,20544.61,20600.497,20553.354,47.14300000000003,LOD,20612.798,2024-11-22 05:10:00,False,,,,,,,0
2024-11-27,ADR,LONG,2024-11-26 20:40:00,20921.086,20916.219,20900.687,15.531999999999243,HOD,20844.399,2024-11-28 11:10:00,False,,,,,,,0
2024-11-27,ODR,SHORT,2024-11-27 04:25:00,20843.408,20903.519,20852.831,50.68800000000192,LOD,20746.565,2024-11-27 18:00:00,False,,,,,,,0
2024-11-27,RDR,SHORT,2024-11-27 10:35:00,20667.408,20861.875,20705.108,156.76699999999985,LOD,20746.565,2024-11-27 18:00:00,False,,,,,,,0
2024-12-02,ADR,SHORT,2024-12-02 01:40:00,20883.375,20913.297,20889.71,23.58699999999953,LOD,21077.119,2024-12-03 09:30:00,False,,,,,,,0
2024-12-02,ODR,SHORT,2024-12-02 05:00:00,20890.021,20912.665,20895.775,16.889999999999418,LOD,21077.119,2024-12-03 09:30:00,False,,,,,,,0
2024-12-03,ODR,SHORT,2024-12-03 05:30:00,21147.987,21183.199,21155.176,28.023000000001048,LOD,21252.92,2024-12-03 18:00:00,False,,,,,,,0
2024-12-09,ADR,LONG,2024-12-09 01:40:00,21610.686,21608.965,21585.91,23.05500000000029,HOD,21569.487,2024-12-10 10:15:00,False,,,,,,,0
2024-12-17,ADR,LONG,2024-12-16 20:30:00,22092.597,22087.787,22068.131,19.65599999999904,HOD,22064.764,2024-12-18 07:20:00,False,,,,,,,0
2024-12-18,ADR,LONG,2024-12-17 20:35:00,21991.076,21982.389,21960.319,22.06999999999971,HOD,21400.409,2024-12-19 09:30:00,False,,,,,,,0
2024-12-18,RDR,LONG,2024-12-18 10:35:00,22001.575,21998.053,21909.343,88.70999999999913,HOD,21400.409,2024-12-19 09:30:00,False,,,,,,,0
2024-12-23,ODR,SHORT,2024-12-23 04:15:00,21392.097,21441.553,21400.153,41.400000000001455,LOD,21449.043,2024-12-23 19:10:00,False,,,,,,,0
2024-12-26,ADR,LONG,2024-12-25 21:40:00,21824.399,21816.221,21802.797,13.424000000002708,HOD,21777.676,2024-12-26 19:00:00,False,,,,,,,0
