trading_date,range_type,direction,confirmation_time,retracement_time,retracement_exact,extreme_type,extreme_time,retracement_before_extreme
2024-01-02,ADR,SHORT,2024-01-01 20:40:00,2024-01-02 02:17:00,0.0738853503184757,LOD,2024-01-03 15:50:00,True
2024-01-02,RDR,SHORT,2024-01-02 10:30:00,2024-01-02 11:04:00,0.0744153082919697,LOD,2024-01-03 15:50:00,True
2024-01-03,ADR,SHORT,2024-01-02 21:15:00,2024-01-03 01:26:00,0.0752411575561613,LOD,2024-01-04 15:55:00,True
2024-01-03,ODR,SHORT,2024-01-03 04:05:00,2024-01-03 04:22:00,0.0,LOD,2024-01-04 15:55:00,True
2024-01-03,RDR,SHORT,2024-01-03 10:35:00,2024-01-03 10:43:00,0.0879345603272058,LOD,2024-01-04 15:55:00,True
2024-01-04,ADR,SHORT,2024-01-03 21:15:00,2024-01-03 21:28:00,0.0104058272631153,LOD,2024-01-05 08:31:00,True
2024-01-04,ODR,SHORT,2024-01-04 06:50:00,2024-01-04 11:09:00,0.0094253572514288,LOD,2024-01-05 08:31:00,True
2024-01-04,RDR,LONG,2024-01-04 10:45:00,2024-01-04 10:58:00,0.0311819172113406,HOD,2024-01-05 11:12:00,True
2024-01-08,ADR,SHORT,2024-01-07 20:45:00,2024-01-08 08:23:00,0.1610360360360833,LOD,2024-01-09 08:45:00,True
2024-01-08,ODR,SHORT,2024-01-08 04:20:00,2024-01-08 04:55:00,0.023410202655489,LOD,2024-01-09 08:45:00,True
2024-01-08,RDR,LONG,2024-01-08 10:30:00,2024-01-08 10:37:00,0.0008318209316438,HOD,2024-01-09 13:05:00,True
2024-01-09,ADR,LONG,2024-01-08 21:15:00,2024-01-08 22:13:00,0.0869565217391304,HOD,2024-01-10 15:00:00,True
2024-01-09,ODR,SHORT,2024-01-09 04:05:00,2024-01-09 04:44:00,0.0097402597402763,LOD,2024-01-10 10:05:00,True
2024-01-09,RDR,LONG,2024-01-09 10:35:00,2024-01-09 10:41:00,0.0359979502946163,HOD,2024-01-10 15:00:00,True
2024-01-10,ADR,SHORT,2024-01-10 00:25:00,2024-01-10 00:32:00,0.0330715171558212,LOD,2024-01-11 11:46:00,True
2024-01-10,ODR,LONG,2024-01-10 04:05:00,2024-01-10 06:26:00,0.0016638935107508,HOD,2024-01-11 08:30:00,True
2024-01-10,RDR,LONG,2024-01-10 10:40:00,2024-01-10 11:13:00,0.2237078427459388,HOD,2024-01-11 08:30:00,True
2024-01-11,ADR,LONG,2024-01-10 21:10:00,2024-01-10 21:40:00,0.0105820105821029,HOD,2024-01-12 09:45:00,True
2024-01-11,ODR,SHORT,2024-01-11 04:30:00,2024-01-11 06:03:00,0.0257810130421173,LOD,2024-01-12 06:48:00,True
2024-01-11,RDR,SHORT,2024-01-11 11:10:00,2024-01-11 12:49:00,0.0083376758728637,LOD,2024-01-12 06:48:00,True
2024-01-15,ADR,LONG,2024-01-14 21:15:00,2024-01-15 04:02:00,0.1586715867159724,HOD,2024-01-16 10:54:00,True
2024-01-15,ODR,SHORT,2024-01-15 04:00:00,2024-01-15 04:07:00,0.0175510204081009,LOD,2024-01-16 03:15:00,True
2024-01-15,RDR,LONG,2024-01-15 10:45:00,2024-01-15 11:54:00,0.0075223319228891,HOD,2024-01-16 10:54:00,True
2024-01-16,ADR,SHORT,2024-01-16 00:55:00,2024-01-16 02:41:00,0.006766764441094,LOD,2024-01-17 10:00:00,True
2024-01-16,ODR,LONG,2024-01-16 06:50:00,2024-01-16 06:58:00,0.0220810857838908,HOD,2024-01-16 19:00:00,True
2024-01-16,RDR,LONG,2024-01-16 10:40:00,2024-01-16 11:00:00,0.3345900168432494,HOD,2024-01-16 19:00:00,True
2024-01-17,ADR,SHORT,2024-01-16 20:40:00,2024-01-16 21:11:00,0.06717397008661,LOD,2024-01-17 18:09:00,True
2024-01-17,ODR,SHORT,2024-01-17 04:10:00,2024-01-17 04:18:00,0.1774523858283869,LOD,2024-01-17 18:09:00,True
2024-01-17,RDR,LONG,2024-01-17 14:40:00,2024-01-17 15:01:00,0.0134937581401208,HOD,2024-01-18 15:52:00,True
2024-01-18,ADR,SHORT,2024-01-17 20:35:00,2024-01-17 20:48:00,0.0318540114458545,LOD,2024-01-18 18:04:00,True
2024-01-18,ODR,LONG,2024-01-18 04:20:00,2024-01-18 04:55:00,0.0219025204980684,HOD,2024-01-19 16:07:00,True
2024-01-18,RDR,LONG,2024-01-18 10:35:00,2024-01-18 11:00:00,0.073082489146161,HOD,2024-01-19 16:07:00,True
2024-01-22,ODR,LONG,2024-01-22 04:05:00,2024-01-22 04:11:00,0.2852427184465816,HOD,2024-01-23 16:01:00,True
2024-01-22,RDR,SHORT,2024-01-22 10:30:00,2024-01-22 10:39:00,0.0225142897056037,LOD,2024-01-23 09:35:00,True
2024-01-23,ADR,SHORT,2024-01-22 20:40:00,2024-01-22 20:49:00,0.0435635792779341,LOD,2024-01-23 18:00:00,True
2024-01-23,ODR,LONG,2024-01-23 08:00:00,2024-01-23 09:22:00,0.0384995064165568,HOD,2024-01-24 12:54:00,True
2024-01-23,RDR,LONG,2024-01-23 12:55:00,2024-01-23 13:01:00,0.0242714764642311,HOD,2024-01-24 12:54:00,True
2024-01-24,ADR,LONG,2024-01-23 22:10:00,2024-01-24 16:05:00,0.5720554433377276,HOD,2024-01-25 11:53:00,True
2024-01-24,ODR,LONG,2024-01-24 04:05:00,2024-01-24 04:12:00,0.0732605081928465,HOD,2024-01-25 11:53:00,True
2024-01-24,RDR,LONG,2024-01-24 10:30:00,2024-01-24 11:07:00,0.2115234679556991,HOD,2024-01-25 11:53:00,True
2024-01-25,ADR,SHORT,2024-01-24 20:45:00,2024-01-24 20:59:00,0.0350549081666809,LOD,2024-01-26 03:00:00,True
2024-01-25,ODR,LONG,2024-01-25 07:00:00,2024-01-25 07:16:00,0.0261836928503637,HOD,2024-01-26 12:07:00,True
2024-01-25,RDR,LONG,2024-01-25 11:45:00,2024-01-25 11:55:00,0.1136599926216358,HOD,2024-01-26 12:07:00,True
2024-01-29,ADR,LONG,2024-01-28 20:40:00,2024-01-28 21:20:00,0.0243300041163769,HOD,2024-01-29 19:33:00,True
2024-01-29,ODR,LONG,2024-01-29 04:00:00,2024-01-29 04:07:00,0.0051318712181409,HOD,2024-01-29 19:33:00,True
2024-01-30,ADR,SHORT,2024-01-30 01:30:00,2024-01-30 03:32:00,0.0900070514757892,LOD,2024-01-31 16:01:00,True
2024-01-30,ODR,SHORT,2024-01-30 08:10:00,2024-01-30 09:30:00,0.0457569585879325,LOD,2024-01-31 16:01:00,True
2024-01-31,ADR,SHORT,2024-01-30 20:40:00,2024-01-30 21:42:00,0.0094137455992322,LOD,2024-02-01 02:09:00,True
2024-01-31,ODR,SHORT,2024-01-31 04:00:00,2024-01-31 08:30:00,0.2899085138163827,LOD,2024-02-01 02:09:00,True
2024-01-31,RDR,SHORT,2024-01-31 10:30:00,2024-01-31 11:02:00,0.0263058049829321,LOD,2024-02-01 02:09:00,True
2024-02-01,ADR,LONG,2024-01-31 21:25:00,2024-01-31 22:26:00,0.0378483631497496,HOD,2024-02-02 14:42:00,True
2024-02-01,ODR,LONG,2024-02-01 05:50:00,2024-02-01 05:56:00,0.060786981755535,HOD,2024-02-02 14:42:00,True
2024-02-01,RDR,LONG,2024-02-01 12:05:00,2024-02-01 12:17:00,0.0101968793644609,HOD,2024-02-02 14:42:00,True
2024-02-05,ADR,LONG,2024-02-05 01:20:00,2024-02-05 01:26:00,0.0153188457428298,HOD,2024-02-06 09:31:00,True
2024-02-05,ODR,SHORT,2024-02-05 04:50:00,2024-02-05 05:02:00,0.0090284662228222,LOD,2024-02-06 12:21:00,True
2024-02-05,RDR,SHORT,2024-02-05 10:35:00,2024-02-05 11:07:00,0.0022684791843655,LOD,2024-02-06 12:21:00,True
2024-02-06,ADR,LONG,2024-02-05 21:00:00,2024-02-06 05:34:00,0.0200290075282053,HOD,2024-02-07 10:52:00,True
2024-02-06,ODR,SHORT,2024-02-06 04:40:00,2024-02-06 04:46:00,0.0413518480701287,LOD,2024-02-07 01:31:00,True
2024-02-06,RDR,SHORT,2024-02-06 11:45:00,2024-02-06 13:32:00,0.0335575962939497,LOD,2024-02-07 01:31:00,True
2024-02-07,ADR,SHORT,2024-02-07 01:25:00,2024-02-07 03:49:00,0.0002133978268775,LOD,2024-02-08 08:23:00,True
2024-02-07,ODR,LONG,2024-02-07 04:15:00,2024-02-07 05:51:00,0.1138197807091795,HOD,2024-02-08 12:28:00,True
2024-02-08,ADR,LONG,2024-02-07 20:50:00,2024-02-08 00:50:00,0.0367197062424227,HOD,2024-02-09 14:46:00,True
2024-02-08,ODR,SHORT,2024-02-08 06:20:00,2024-02-08 08:40:00,0.0045042995585942,LOD,2024-02-08 20:57:00,True
2024-02-08,RDR,LONG,2024-02-08 10:45:00,2024-02-08 12:46:00,0.0724109838501178,HOD,2024-02-09 14:46:00,True
2024-02-12,ADR,SHORT,2024-02-11 22:30:00,2024-02-11 23:12:00,0.1911070504037141,LOD,2024-02-13 15:22:00,True
2024-02-12,ODR,LONG,2024-02-12 04:05:00,2024-02-12 04:11:00,0.051927326295194,HOD,2024-02-13 03:06:00,True
2024-02-12,RDR,LONG,2024-02-12 10:35:00,2024-02-12 13:31:00,0.0655529466106371,HOD,2024-02-13 03:06:00,True
2024-02-13,ADR,LONG,2024-02-12 21:30:00,2024-02-12 22:30:00,0.0168769178312942,HOD,2024-02-14 15:59:00,True
2024-02-13,ODR,SHORT,2024-02-13 04:10:00,2024-02-13 04:16:00,0.0733171761394515,LOD,2024-02-13 21:43:00,True
2024-02-13,RDR,LONG,2024-02-13 10:30:00,2024-02-13 10:57:00,0.0499524738606091,HOD,2024-02-14 15:59:00,True
2024-02-14,ODR,LONG,2024-02-14 04:00:00,2024-02-14 09:39:00,0.0110699064593312,HOD,2024-02-15 16:06:00,True
2024-02-14,RDR,SHORT,2024-02-14 11:00:00,2024-02-14 11:24:00,0.0535319849278825,LOD,2024-02-15 11:09:00,True
2024-02-15,ADR,LONG,2024-02-14 22:00:00,2024-02-14 22:08:00,0.0946017518843056,HOD,2024-02-16 05:45:00,True
2024-02-15,ODR,SHORT,2024-02-15 04:05:00,2024-02-15 07:06:00,0.0454878943507576,LOD,2024-02-16 10:01:00,True
2024-02-15,RDR,SHORT,2024-02-15 11:05:00,2024-02-15 11:13:00,0.0330618236616366,LOD,2024-02-16 10:01:00,True
2024-02-19,ADR,SHORT,2024-02-18 20:30:00,2024-02-18 23:45:00,0.2262489171237678,LOD,2024-02-20 12:39:00,True
2024-02-19,ODR,LONG,2024-02-19 04:55:00,2024-02-19 05:10:00,0.0015454647634115,HOD,2024-02-19 18:00:00,True
2024-02-19,RDR,SHORT,2024-02-19 10:45:00,2024-02-19 11:03:00,0.2090526621210069,LOD,2024-02-20 12:39:00,True
2024-02-20,ODR,SHORT,2024-02-20 05:05:00,2024-02-20 06:40:00,0.0403720793964878,LOD,2024-02-21 14:43:00,True
2024-02-20,RDR,SHORT,2024-02-20 12:00:00,2024-02-20 12:53:00,0.0054257972512974,LOD,2024-02-21 14:43:00,True
2024-02-21,ODR,SHORT,2024-02-21 07:05:00,2024-02-21 07:11:00,0.0024427585969591,LOD,2024-02-21 18:08:00,True
2024-02-21,RDR,SHORT,2024-02-21 12:10:00,2024-02-21 12:46:00,0.0128160258653771,LOD,2024-02-21 18:08:00,True
2024-02-22,ADR,LONG,2024-02-21 20:30:00,2024-02-21 20:37:00,0.0652594508814372,HOD,2024-02-23 09:37:00,True
2024-02-22,ODR,LONG,2024-02-22 06:15:00,2024-02-22 07:12:00,0.014947239215169,HOD,2024-02-23 09:37:00,True
2024-02-22,RDR,LONG,2024-02-22 10:30:00,2024-02-22 10:36:00,0.0175269175269346,HOD,2024-02-23 09:37:00,True
2024-02-26,ADR,LONG,2024-02-25 21:40:00,2024-02-25 21:46:00,0.1178318198780054,HOD,2024-02-27 07:33:00,True
2024-02-26,ODR,LONG,2024-02-26 04:30:00,2024-02-26 09:47:00,0.1277247342821748,HOD,2024-02-27 07:33:00,True
2024-02-26,RDR,LONG,2024-02-26 11:50:00,2024-02-26 12:01:00,0.0856654122477163,HOD,2024-02-27 07:33:00,True
2024-02-27,ADR,SHORT,2024-02-26 21:20:00,2024-02-26 22:30:00,0.0427767039245564,LOD,2024-02-28 16:12:00,True
2024-02-27,ODR,LONG,2024-02-27 04:00:00,2024-02-27 08:18:00,0.0530688899639074,HOD,2024-02-27 18:04:00,True
2024-02-27,RDR,SHORT,2024-02-27 12:50:00,2024-02-27 13:15:00,0.0133848240733129,LOD,2024-02-28 16:12:00,True
2024-02-28,ADR,LONG,2024-02-27 21:25:00,2024-02-27 21:34:00,0.0266802067947478,HOD,2024-02-29 15:57:00,True
2024-02-28,ODR,SHORT,2024-02-28 04:25:00,2024-02-28 05:41:00,0.0284089426864575,LOD,2024-02-29 03:11:00,True
2024-02-28,RDR,LONG,2024-02-28 11:00:00,2024-02-28 12:21:00,0.036550610837686,HOD,2024-02-29 15:57:00,True
2024-02-29,ADR,LONG,2024-02-28 21:15:00,2024-02-28 21:21:00,0.0244065529924144,HOD,2024-03-01 14:30:00,True
2024-02-29,RDR,SHORT,2024-02-29 11:25:00,2024-02-29 11:59:00,0.011159606550707,LOD,2024-03-01 05:25:00,True
2024-03-04,ADR,LONG,2024-03-03 20:35:00,2024-03-03 20:44:00,0.0712694877504858,HOD,2024-03-04 18:02:00,True
2024-03-04,RDR,SHORT,2024-03-04 13:20:00,2024-03-04 13:28:00,0.052062634130838,LOD,2024-03-05 15:32:00,True
2024-03-05,ADR,SHORT,2024-03-04 20:30:00,2024-03-04 21:00:00,0.0407663285806271,LOD,2024-03-05 19:51:00,True
2024-03-05,ODR,SHORT,2024-03-05 04:45:00,2024-03-05 06:04:00,0.0368692181136139,LOD,2024-03-05 19:51:00,True
2024-03-05,RDR,SHORT,2024-03-05 10:30:00,2024-03-05 11:21:00,0.0169953122374411,LOD,2024-03-05 19:51:00,True
2024-03-06,ODR,LONG,2024-03-06 04:00:00,2024-03-06 10:00:00,0.556304765627579,HOD,2024-03-07 13:57:00,True
2024-03-06,RDR,LONG,2024-03-06 12:00:00,2024-03-06 13:33:00,0.3326685725045682,HOD,2024-03-07 13:57:00,True
2024-03-07,ADR,SHORT,2024-03-06 21:20:00,2024-03-06 22:50:00,0.0232226387552906,LOD,2024-03-08 13:37:00,True
2024-03-07,RDR,LONG,2024-03-07 10:35:00,2024-03-07 10:55:00,0.029633560840769,HOD,2024-03-08 10:30:00,True
2024-03-11,ADR,LONG,2024-03-10 20:30:00,2024-03-10 20:48:00,0.0208815778965679,HOD,2024-03-12 14:56:00,True
2024-03-11,ODR,LONG,2024-03-11 05:45:00,2024-03-11 06:00:00,0.0168157664626351,HOD,2024-03-12 14:56:00,True
2024-03-12,ADR,SHORT,2024-03-11 20:30:00,2024-03-11 20:36:00,0.0374442793460937,LOD,2024-03-13 10:43:00,True
2024-03-12,ODR,LONG,2024-03-12 07:35:00,2024-03-12 07:54:00,0.152423515732853,HOD,2024-03-13 03:00:00,True
2024-03-12,RDR,SHORT,2024-03-12 11:35:00,2024-03-12 12:01:00,0.0502916984933292,LOD,2024-03-13 10:43:00,True
2024-03-13,ADR,SHORT,2024-03-12 21:35:00,2024-03-12 21:42:00,0.0032893097432792,LOD,2024-03-14 14:36:00,True
2024-03-13,RDR,SHORT,2024-03-13 10:40:00,2024-03-13 10:54:00,0.0395202683244751,LOD,2024-03-14 14:36:00,True
2024-03-14,ADR,LONG,2024-03-13 20:35:00,2024-03-13 20:41:00,0.0,HOD,2024-03-15 05:41:00,True
2024-03-14,ODR,SHORT,2024-03-14 06:45:00,2024-03-14 07:01:00,0.07690057410329,LOD,2024-03-15 11:59:00,True
2024-03-14,RDR,SHORT,2024-03-14 11:05:00,2024-03-14 11:23:00,0.0030620676247447,LOD,2024-03-15 11:59:00,True
2024-03-18,ODR,LONG,2024-03-18 04:00:00,2024-03-18 04:08:00,0.0080194586263931,HOD,2024-03-19 13:33:00,True
2024-03-19,ADR,LONG,2024-03-18 21:10:00,2024-03-18 22:33:00,0.0334040934032484,HOD,2024-03-20 17:55:00,True
2024-03-19,ODR,SHORT,2024-03-19 06:00:00,2024-03-19 10:37:00,0.0614255495693556,LOD,2024-03-19 20:46:00,True
2024-03-19,RDR,LONG,2024-03-19 10:30:00,2024-03-19 10:46:00,0.040083581035373,HOD,2024-03-20 17:55:00,True
2024-03-20,ADR,SHORT,2024-03-19 20:30:00,2024-03-19 21:18:00,0.0180620155038925,LOD,2024-03-21 14:59:00,True
2024-03-20,ODR,LONG,2024-03-20 05:30:00,2024-03-20 08:40:00,0.0611040262344001,HOD,2024-03-21 11:30:00,True
2024-03-20,RDR,LONG,2024-03-20 13:00:00,2024-03-20 13:35:00,0.1201853385794123,HOD,2024-03-21 11:30:00,True
2024-03-21,ADR,LONG,2024-03-20 21:10:00,2024-03-21 13:36:00,0.6201157742401827,HOD,2024-03-22 12:56:00,True
2024-03-21,ODR,SHORT,2024-03-21 04:05:00,2024-03-21 06:01:00,0.0415208869030301,LOD,2024-03-22 07:35:00,True
2024-03-21,RDR,LONG,2024-03-21 10:35:00,2024-03-21 12:02:00,0.0919736192740459,HOD,2024-03-22 12:56:00,True
2024-03-25,ADR,LONG,2024-03-24 20:35:00,2024-03-24 20:48:00,0.1002249437641654,HOD,2024-03-26 06:05:00,True
2024-03-25,ODR,SHORT,2024-03-25 04:35:00,2024-03-25 09:21:00,0.3578704888662327,LOD,2024-03-26 14:57:00,True
2024-03-25,RDR,LONG,2024-03-25 10:45:00,2024-03-25 11:00:00,0.0590681269723509,HOD,2024-03-26 06:05:00,True
2024-03-26,ADR,SHORT,2024-03-25 21:00:00,2024-03-25 21:30:00,0.0460798939168362,LOD,2024-03-27 09:12:00,True
2024-03-26,ODR,LONG,2024-03-26 04:15:00,2024-03-26 06:29:00,0.0504066383188632,HOD,2024-03-27 08:30:00,True
2024-03-26,RDR,LONG,2024-03-26 10:55:00,2024-03-26 11:13:00,0.0296787384986759,HOD,2024-03-27 08:30:00,True
2024-03-27,ADR,SHORT,2024-03-26 20:35:00,2024-03-26 20:41:00,0.0001174950064861,LOD,2024-03-28 13:01:00,True
2024-03-27,ODR,LONG,2024-03-27 04:05:00,2024-03-27 04:14:00,0.0134143839130253,HOD,2024-03-28 09:04:00,True
2024-03-27,RDR,SHORT,2024-03-27 10:55:00,2024-03-27 11:01:00,0.3836311239192851,LOD,2024-03-28 13:01:00,True
2024-04-01,ODR,SHORT,2024-04-01 04:05:00,2024-04-01 04:20:00,0.0776262735079878,LOD,2024-04-02 10:18:00,True
2024-04-01,RDR,SHORT,2024-04-01 10:50:00,2024-04-01 15:54:00,0.0896324087172106,LOD,2024-04-02 10:18:00,True
2024-04-02,ADR,LONG,2024-04-01 22:30:00,2024-04-01 22:37:00,0.063829787234134,HOD,2024-04-03 11:30:00,True
2024-04-02,ODR,LONG,2024-04-02 04:15:00,2024-04-02 04:30:00,0.0271136465611229,HOD,2024-04-03 11:30:00,True
2024-04-02,RDR,LONG,2024-04-02 12:55:00,2024-04-02 13:13:00,0.0501418727198947,HOD,2024-04-03 11:30:00,True
2024-04-03,ADR,SHORT,2024-04-02 21:10:00,2024-04-02 21:26:00,0.0273226282155347,LOD,2024-04-04 15:58:00,True
2024-04-03,ODR,LONG,2024-04-03 04:45:00,2024-04-03 04:55:00,0.1015802141835606,HOD,2024-04-04 09:37:00,True
2024-04-03,RDR,LONG,2024-04-03 10:55:00,2024-04-03 11:51:00,0.01304213061204,HOD,2024-04-04 09:37:00,True
2024-04-04,ODR,LONG,2024-04-04 04:05:00,2024-04-04 04:15:00,0.0294026617146228,HOD,2024-04-05 13:00:00,True
2024-04-04,RDR,SHORT,2024-04-04 11:10:00,2024-04-04 11:29:00,0.0869532877119839,LOD,2024-04-05 08:30:00,True
2024-04-08,ADR,LONG,2024-04-07 21:40:00,2024-04-07 21:49:00,0.0682414698162373,HOD,2024-04-09 16:03:00,True
2024-04-08,ODR,SHORT,2024-04-08 04:20:00,2024-04-08 04:34:00,0.0778109123039392,LOD,2024-04-09 10:53:00,True
2024-04-08,RDR,LONG,2024-04-08 10:30:00,2024-04-08 11:02:00,0.1424024055161016,HOD,2024-04-09 16:03:00,True
2024-04-09,ADR,SHORT,2024-04-08 21:55:00,2024-04-08 22:18:00,0.0400952539180627,LOD,2024-04-10 08:42:00,True
2024-04-09,ODR,SHORT,2024-04-09 06:35:00,2024-04-09 06:47:00,0.0030147665956036,LOD,2024-04-10 08:42:00,True
2024-04-09,RDR,SHORT,2024-04-09 10:30:00,2024-04-09 12:12:00,0.1074139263729366,LOD,2024-04-10 08:42:00,True
2024-04-10,ADR,LONG,2024-04-09 20:50:00,2024-04-09 21:12:00,0.0620227038182486,HOD,2024-04-11 15:45:00,True
2024-04-10,ODR,LONG,2024-04-10 04:55:00,2024-04-10 05:04:00,0.2693020669200645,HOD,2024-04-11 15:45:00,True
2024-04-10,RDR,LONG,2024-04-10 10:35:00,2024-04-10 10:44:00,0.0001449989850366,HOD,2024-04-11 15:45:00,True
2024-04-11,ADR,LONG,2024-04-10 21:10:00,2024-04-10 21:16:00,0.0453443165633684,HOD,2024-04-12 02:45:00,True
2024-04-11,ODR,SHORT,2024-04-11 04:45:00,2024-04-11 08:30:00,0.9296010903181487,LOD,2024-04-12 15:00:00,True
2024-04-15,ADR,LONG,2024-04-15 01:00:00,2024-04-15 01:37:00,0.0473283669002629,HOD,2024-04-16 14:12:00,True
2024-04-15,ODR,LONG,2024-04-15 05:00:00,2024-04-15 05:12:00,0.0437722948870344,HOD,2024-04-16 14:12:00,True
2024-04-15,RDR,SHORT,2024-04-15 10:50:00,2024-04-15 12:10:00,0.0059479014606727,LOD,2024-04-16 06:25:00,True
2024-04-16,ADR,SHORT,2024-04-15 21:10:00,2024-04-15 21:20:00,0.0269013945207252,LOD,2024-04-17 12:46:00,True
2024-04-16,ODR,LONG,2024-04-16 04:00:00,2024-04-16 04:06:00,0.4199154852780709,HOD,2024-04-17 09:27:00,True
2024-04-16,RDR,LONG,2024-04-16 11:50:00,2024-04-16 11:57:00,0.0550730941912771,HOD,2024-04-17 09:27:00,True
2024-04-17,ADR,SHORT,2024-04-16 20:30:00,2024-04-16 20:48:00,0.0110523610192947,LOD,2024-04-18 16:00:00,True
2024-04-17,ODR,LONG,2024-04-17 04:20:00,2024-04-17 09:57:00,0.088186502894242,HOD,2024-04-18 02:23:00,True
2024-04-17,RDR,SHORT,2024-04-17 10:50:00,2024-04-17 11:01:00,0.1156803117636871,LOD,2024-04-18 16:00:00,True
2024-04-18,ADR,LONG,2024-04-17 21:10:00,2024-04-17 21:23:00,0.0666329817470079,HOD,2024-04-19 08:34:00,True
2024-04-18,ODR,SHORT,2024-04-18 04:10:00,2024-04-18 11:17:00,0.2737967914438717,LOD,2024-04-19 15:46:00,True
2024-04-18,RDR,LONG,2024-04-18 10:35:00,2024-04-18 12:34:00,0.2448301126476829,HOD,2024-04-19 08:34:00,True
2024-04-22,ADR,SHORT,2024-04-21 20:35:00,2024-04-21 21:10:00,0.1843819995927176,LOD,2024-04-22 19:14:00,True
2024-04-22,ODR,SHORT,2024-04-22 04:00:00,2024-04-22 04:13:00,0.0770987882611796,LOD,2024-04-22 19:14:00,True
2024-04-22,RDR,SHORT,2024-04-22 10:50:00,2024-04-22 11:25:00,0.0001640028626017,LOD,2024-04-22 19:14:00,True
2024-04-23,ADR,SHORT,2024-04-22 21:45:00,2024-04-22 22:10:00,0.0247370471365815,LOD,2024-04-24 16:07:00,True
2024-04-23,ODR,LONG,2024-04-23 04:00:00,2024-04-23 05:57:00,0.0112211221120953,HOD,2024-04-24 09:51:00,True
2024-04-23,RDR,LONG,2024-04-23 10:30:00,2024-04-23 10:45:00,0.036799354720006,HOD,2024-04-24 09:51:00,True
2024-04-24,ADR,LONG,2024-04-23 21:15:00,2024-04-23 21:31:00,0.1178102139166435,HOD,2024-04-25 16:05:00,True
2024-04-24,ODR,SHORT,2024-04-24 04:45:00,2024-04-24 07:29:00,0.0354787234041313,LOD,2024-04-25 09:35:00,True
2024-04-25,ADR,LONG,2024-04-24 20:40:00,2024-04-24 21:16:00,0.0220143884892448,HOD,2024-04-26 13:34:00,True
2024-04-25,ODR,LONG,2024-04-25 04:00:00,2024-04-25 07:02:00,0.0790376569037279,HOD,2024-04-26 13:34:00,True
2024-04-29,ADR,LONG,2024-04-28 21:35:00,2024-04-28 21:41:00,0.0648360864966817,HOD,2024-04-29 22:36:00,True
2024-04-29,ODR,LONG,2024-04-29 04:10:00,2024-04-29 04:16:00,0.1570440176548782,HOD,2024-04-29 22:36:00,True
2024-04-29,RDR,SHORT,2024-04-29 15:00:00,2024-04-29 15:10:00,0.024137124593157,LOD,2024-04-30 16:01:00,True
2024-04-30,ADR,LONG,2024-04-29 21:25:00,2024-04-29 21:32:00,0.0017934295264403,HOD,2024-05-01 15:02:00,True
2024-04-30,ODR,SHORT,2024-04-30 04:50:00,2024-04-30 05:24:00,0.0467025449238929,LOD,2024-05-01 12:01:00,True
2024-05-01,ADR,LONG,2024-04-30 22:35:00,2024-04-30 22:54:00,0.0277863538129506,HOD,2024-05-02 15:10:00,True
2024-05-01,ODR,SHORT,2024-05-01 05:05:00,2024-05-01 06:59:00,0.0597430123194447,LOD,2024-05-02 10:09:00,True
2024-05-01,RDR,SHORT,2024-05-01 11:15:00,2024-05-01 11:23:00,0.0133490067940847,LOD,2024-05-02 10:09:00,True
2024-05-02,ADR,LONG,2024-05-01 20:50:00,2024-05-01 21:00:00,0.1792683957084115,HOD,2024-05-03 10:00:00,True
2024-05-02,ODR,LONG,2024-05-02 04:20:00,2024-05-02 04:46:00,0.0953811490800184,HOD,2024-05-03 10:00:00,True
2024-05-02,RDR,LONG,2024-05-02 13:25:00,2024-05-02 13:36:00,0.0041813584485346,HOD,2024-05-03 10:00:00,True
2024-05-06,ADR,SHORT,2024-05-06 00:45:00,2024-05-06 01:49:00,0.0319905678914716,LOD,2024-05-07 07:43:00,True
2024-05-06,ODR,LONG,2024-05-06 04:25:00,2024-05-06 04:53:00,0.0325229302678807,HOD,2024-05-07 13:32:00,True
2024-05-06,RDR,LONG,2024-05-06 11:45:00,2024-05-06 12:00:00,0.1300487381170542,HOD,2024-05-07 13:32:00,True
2024-05-07,ADR,SHORT,2024-05-06 20:30:00,2024-05-06 21:40:00,0.3464071418121545,LOD,2024-05-08 08:38:00,True
2024-05-07,ODR,SHORT,2024-05-07 04:05:00,2024-05-07 04:16:00,0.0152902188535718,LOD,2024-05-08 08:38:00,True
2024-05-07,RDR,LONG,2024-05-07 10:55:00,2024-05-07 13:47:00,0.0518092729988744,HOD,2024-05-08 10:49:00,True
2024-05-08,ADR,SHORT,2024-05-07 23:20:00,2024-05-07 23:43:00,0.1800098231827489,LOD,2024-05-09 05:19:00,True
2024-05-08,ODR,SHORT,2024-05-08 04:55:00,2024-05-08 05:03:00,0.0171749273108934,LOD,2024-05-09 05:19:00,True
2024-05-08,RDR,LONG,2024-05-08 10:40:00,2024-05-08 11:08:00,0.0083115051380347,HOD,2024-05-09 16:13:00,True
2024-05-09,ADR,LONG,2024-05-08 20:50:00,2024-05-08 20:57:00,0.0919819819820517,HOD,2024-05-10 09:49:00,True
2024-05-09,ODR,SHORT,2024-05-09 05:15:00,2024-05-09 05:32:00,0.0374711760183934,LOD,2024-05-10 10:55:00,True
2024-05-09,RDR,LONG,2024-05-09 10:35:00,2024-05-09 11:55:00,0.0760505547628321,HOD,2024-05-10 09:49:00,True
2024-05-13,ADR,LONG,2024-05-12 20:55:00,2024-05-12 21:18:00,0.0478943022293164,HOD,2024-05-14 15:55:00,True
2024-05-13,ODR,SHORT,2024-05-13 04:15:00,2024-05-13 04:22:00,0.013306552849584,LOD,2024-05-14 08:30:00,True
2024-05-14,ADR,SHORT,2024-05-13 20:40:00,2024-05-14 02:00:00,0.0427858787416806,LOD,2024-05-15 03:45:00,True
2024-05-14,ODR,LONG,2024-05-14 04:20:00,2024-05-14 05:29:00,0.0229407909113734,HOD,2024-05-15 15:23:00,True
2024-05-15,ADR,SHORT,2024-05-14 20:35:00,2024-05-14 21:25:00,0.2145754853665819,LOD,2024-05-16 16:12:00,True
2024-05-15,ODR,LONG,2024-05-15 05:40:00,2024-05-15 05:48:00,0.0188026799220964,HOD,2024-05-16 11:09:00,True
2024-05-16,ADR,LONG,2024-05-15 23:30:00,2024-05-16 00:02:00,0.0232895333029262,HOD,2024-05-17 08:58:00,True
2024-05-16,ODR,SHORT,2024-05-16 08:05:00,2024-05-16 08:20:00,0.2145922746779625,LOD,2024-05-17 14:23:00,True
2024-05-16,RDR,LONG,2024-05-16 10:40:00,2024-05-16 12:01:00,0.167795351767326,HOD,2024-05-17 08:58:00,True
2024-05-20,ADR,LONG,2024-05-19 20:40:00,2024-05-19 20:46:00,0.1557330290927613,HOD,2024-05-21 15:58:00,True
2024-05-20,ODR,LONG,2024-05-20 04:00:00,2024-05-20 04:06:00,0.0847570869526037,HOD,2024-05-21 15:58:00,True
2024-05-20,RDR,LONG,2024-05-20 10:45:00,2024-05-20 10:55:00,0.0190550629329089,HOD,2024-05-21 15:58:00,True
2024-05-21,ADR,LONG,2024-05-20 20:40:00,2024-05-20 21:01:00,0.2305761099364617,HOD,2024-05-22 11:07:00,True
2024-05-21,ODR,SHORT,2024-05-21 04:20:00,2024-05-21 05:11:00,0.0636884998491019,LOD,2024-05-22 14:42:00,True
2024-05-22,ADR,LONG,2024-05-21 22:00:00,2024-05-21 22:19:00,0.0274063067526923,HOD,2024-05-23 08:47:00,True
2024-05-22,ODR,SHORT,2024-05-22 05:15:00,2024-05-22 05:21:00,0.0286612193590166,LOD,2024-05-23 15:06:00,True
2024-05-22,RDR,LONG,2024-05-22 11:05:00,2024-05-22 11:48:00,0.0237598575426395,HOD,2024-05-23 08:47:00,True
2024-05-23,ADR,SHORT,2024-05-22 20:40:00,2024-05-22 20:46:00,0.0364630811301647,LOD,2024-05-23 18:10:00,True
2024-05-23,ODR,LONG,2024-05-23 05:40:00,2024-05-23 05:57:00,0.0617172003400475,HOD,2024-05-24 14:18:00,True
2024-05-23,RDR,SHORT,2024-05-23 10:50:00,2024-05-23 11:04:00,0.0087287707434581,LOD,2024-05-23 18:10:00,True
2024-05-27,ADR,LONG,2024-05-26 21:40:00,2024-05-26 22:08:00,0.0304166666668,HOD,2024-05-28 05:00:00,True
2024-05-27,ODR,SHORT,2024-05-27 04:10:00,2024-05-27 04:18:00,0.0433613920917512,LOD,2024-05-28 14:39:00,True
2024-05-28,ADR,LONG,2024-05-27 23:05:00,2024-05-28 01:37:00,0.0031637868093496,HOD,2024-05-28 19:27:00,True
2024-05-28,ODR,LONG,2024-05-28 04:05:00,2024-05-28 06:21:00,0.1570351198179431,HOD,2024-05-28 19:27:00,True
2024-05-28,RDR,LONG,2024-05-28 12:50:00,2024-05-28 12:58:00,0.0090026060175405,HOD,2024-05-28 19:27:00,True
2024-05-29,ODR,SHORT,2024-05-29 04:05:00,2024-05-29 09:53:00,0.0113051613908644,LOD,2024-05-30 15:50:00,True
2024-05-29,RDR,LONG,2024-05-29 10:30:00,2024-05-29 10:46:00,0.0217212336140936,HOD,2024-05-30 08:45:00,True
2024-05-30,ADR,SHORT,2024-05-29 22:20:00,2024-05-30 04:03:00,0.1137277683439906,LOD,2024-05-31 12:23:00,True
2024-05-30,ODR,LONG,2024-05-30 04:00:00,2024-05-30 04:08:00,0.0173806726919317,HOD,2024-05-31 08:50:00,True
2024-05-30,RDR,SHORT,2024-05-30 10:35:00,2024-05-30 13:01:00,0.0883242066714101,LOD,2024-05-31 12:23:00,True
2024-06-03,ADR,LONG,2024-06-02 22:40:00,2024-06-02 23:01:00,0.0027238567185906,HOD,2024-06-04 14:48:00,True
2024-06-03,ODR,LONG,2024-06-03 05:05:00,2024-06-03 05:11:00,0.0172724993732388,HOD,2024-06-04 14:48:00,True
2024-06-03,RDR,SHORT,2024-06-03 10:45:00,2024-06-03 15:59:00,0.0190256595218796,LOD,2024-06-04 05:04:00,True
2024-06-04,ADR,LONG,2024-06-03 20:30:00,2024-06-03 20:45:00,0.0575677496241878,HOD,2024-06-05 15:56:00,True
2024-06-04,ODR,SHORT,2024-06-04 04:30:00,2024-06-04 07:21:00,0.0571756093637046,LOD,2024-06-04 18:08:00,True
2024-06-04,RDR,LONG,2024-06-04 14:15:00,2024-06-04 15:04:00,0.013110025892289,HOD,2024-06-05 15:56:00,True
2024-06-05,ADR,SHORT,2024-06-04 21:20:00,2024-06-04 21:40:00,0.0183448275861808,LOD,2024-06-06 14:10:00,True
2024-06-05,ODR,LONG,2024-06-05 04:00:00,2024-06-05 04:06:00,0.0498607947355408,HOD,2024-06-06 08:15:00,True
2024-06-06,ADR,SHORT,2024-06-05 20:35:00,2024-06-05 20:41:00,0.1021777777777363,LOD,2024-06-07 08:43:00,True
2024-06-06,ODR,LONG,2024-06-06 04:15:00,2024-06-06 04:21:00,0.0469208211143649,HOD,2024-06-07 13:24:00,True
2024-06-06,RDR,SHORT,2024-06-06 14:05:00,2024-06-06 14:11:00,0.0636253011150547,LOD,2024-06-07 08:43:00,True
2024-06-10,ADR,LONG,2024-06-09 23:00:00,2024-06-10 02:01:00,0.209103840682738,HOD,2024-06-11 16:14:00,True
2024-06-10,ODR,SHORT,2024-06-10 05:20:00,2024-06-10 05:42:00,0.1596264456675504,LOD,2024-06-11 09:55:00,True
2024-06-10,RDR,LONG,2024-06-10 10:35:00,2024-06-10 10:42:00,0.023175636851176,HOD,2024-06-11 16:14:00,True
2024-06-11,ADR,LONG,2024-06-10 21:35:00,2024-06-10 22:31:00,0.250752688171903,HOD,2024-06-12 15:22:00,True
2024-06-11,ODR,SHORT,2024-06-11 04:35:00,2024-06-11 09:34:00,0.0161046473410231,LOD,2024-06-11 18:09:00,True
2024-06-11,RDR,LONG,2024-06-11 10:35:00,2024-06-11 11:43:00,0.1094493020402059,HOD,2024-06-12 15:22:00,True
2024-06-12,ADR,SHORT,2024-06-11 20:30:00,2024-06-11 20:37:00,0.0063925795938167,LOD,2024-06-13 12:30:00,True
2024-06-12,ODR,LONG,2024-06-12 04:10:00,2024-06-12 04:17:00,0.2300316598825343,HOD,2024-06-13 08:30:00,True
2024-06-12,RDR,LONG,2024-06-12 15:10:00,2024-06-12 15:23:00,0.0897874480306526,HOD,2024-06-13 08:30:00,True
2024-06-13,ADR,LONG,2024-06-12 20:30:00,2024-06-12 20:39:00,0.0718875328818729,HOD,2024-06-14 16:07:00,True
2024-06-13,ODR,SHORT,2024-06-13 04:45:00,2024-06-13 04:59:00,0.041607581364709,LOD,2024-06-14 07:08:00,True
2024-06-13,RDR,SHORT,2024-06-13 12:20:00,2024-06-13 12:34:00,0.0116890606574466,LOD,2024-06-14 07:08:00,True
2024-06-17,ADR,SHORT,2024-06-16 20:35:00,2024-06-17 02:39:00,0.0206464473872155,LOD,2024-06-18 11:14:00,True
2024-06-17,ODR,LONG,2024-06-17 04:05:00,2024-06-17 04:30:00,0.2412342953266934,HOD,2024-06-18 08:30:00,True
2024-06-18,ADR,SHORT,2024-06-17 20:30:00,2024-06-17 20:43:00,0.0005204944696944,LOD,2024-06-18 20:40:00,True
2024-06-18,ODR,LONG,2024-06-18 04:05:00,2024-06-18 04:21:00,0.0632788161993475,HOD,2024-06-19 09:33:00,True
2024-06-18,RDR,SHORT,2024-06-18 10:55:00,2024-06-18 11:01:00,0.0518961493581882,LOD,2024-06-18 20:40:00,True
2024-06-19,ADR,LONG,2024-06-18 23:10:00,2024-06-18 23:16:00,0.3096764999288496,HOD,2024-06-20 03:31:00,True
2024-06-19,ODR,SHORT,2024-06-19 04:35:00,2024-06-19 04:53:00,0.1093072078375076,LOD,2024-06-20 13:39:00,True
2024-06-19,RDR,SHORT,2024-06-19 10:30:00,2024-06-19 10:42:00,0.1646368176641319,LOD,2024-06-20 13:39:00,True
2024-06-20,ADR,LONG,2024-06-19 20:30:00,2024-06-20 09:30:00,0.1014238003162744,HOD,2024-06-21 02:14:00,True
2024-06-20,ODR,SHORT,2024-06-20 07:35:00,2024-06-20 07:43:00,0.0392255091050005,LOD,2024-06-21 09:52:00,True
2024-06-24,ADR,SHORT,2024-06-23 21:05:00,2024-06-24 02:09:00,0.0417419225367311,LOD,2024-06-25 04:02:00,True
2024-06-24,ODR,SHORT,2024-06-24 05:30:00,2024-06-24 10:09:00,0.1668619553277363,LOD,2024-06-25 04:02:00,True
2024-06-24,RDR,SHORT,2024-06-24 10:40:00,2024-06-24 10:46:00,0.0246567168992918,LOD,2024-06-25 04:02:00,True
2024-06-25,ADR,SHORT,2024-06-24 20:55:00,2024-06-24 21:33:00,0.0380291796220229,LOD,2024-06-26 09:08:00,True
2024-06-25,RDR,LONG,2024-06-25 11:10:00,2024-06-25 12:44:00,0.0077003334164994,HOD,2024-06-26 04:03:00,True
2024-06-26,ADR,LONG,2024-06-25 20:50:00,2024-06-26 08:13:00,0.2521671717526311,HOD,2024-06-27 10:15:00,True
2024-06-26,ODR,SHORT,2024-06-26 07:30:00,2024-06-26 07:36:00,0.0016346491583473,LOD,2024-06-26 20:46:00,True
2024-06-27,ADR,SHORT,2024-06-26 20:35:00,2024-06-26 21:26:00,0.1963383838383596,LOD,2024-06-28 15:34:00,True
2024-06-27,ODR,SHORT,2024-06-27 04:20:00,2024-06-27 04:31:00,0.0458340815227403,LOD,2024-06-28 15:34:00,True
2024-06-27,RDR,SHORT,2024-06-27 11:30:00,2024-06-27 11:58:00,0.0086908482234889,LOD,2024-06-28 15:34:00,True
2024-07-01,ADR,LONG,2024-06-30 20:30:00,2024-06-30 20:36:00,0.0051688734688325,HOD,2024-07-02 15:59:00,True
2024-07-01,ODR,SHORT,2024-07-01 04:40:00,2024-07-01 04:47:00,0.041767414640205,LOD,2024-07-02 07:53:00,True
2024-07-02,ADR,SHORT,2024-07-01 20:30:00,2024-07-01 20:49:00,0.0475339237831438,LOD,2024-07-03 08:41:00,True
2024-07-02,ODR,SHORT,2024-07-02 07:10:00,2024-07-02 08:07:00,0.0120847202493212,LOD,2024-07-03 08:41:00,True
2024-07-02,RDR,LONG,2024-07-02 10:50:00,2024-07-02 12:10:00,0.1044876950297428,HOD,2024-07-03 13:05:00,True
2024-07-03,ADR,SHORT,2024-07-02 23:25:00,2024-07-02 23:31:00,0.1689616672868406,LOD,2024-07-04 10:51:00,True
2024-07-03,ODR,LONG,2024-07-03 04:20:00,2024-07-03 07:00:00,0.0860402281597719,HOD,2024-07-03 21:45:00,True
2024-07-04,ADR,LONG,2024-07-03 21:40:00,2024-07-03 21:51:00,0.060879883169166,HOD,2024-07-05 15:54:00,True
2024-07-04,ODR,SHORT,2024-07-04 05:00:00,2024-07-04 05:06:00,0.0012174875482682,LOD,2024-07-04 18:00:00,True
2024-07-04,RDR,SHORT,2024-07-04 10:45:00,2024-07-04 10:54:00,0.0104964145910507,LOD,2024-07-04 18:00:00,True
2024-07-08,ADR,SHORT,2024-07-07 21:00:00,2024-07-07 21:15:00,0.2368380423037343,LOD,2024-07-09 13:25:00,True
2024-07-08,ODR,LONG,2024-07-08 04:20:00,2024-07-08 04:30:00,0.037752465946449,HOD,2024-07-09 10:12:00,True
2024-07-08,RDR,LONG,2024-07-08 11:20:00,2024-07-08 11:38:00,0.0430965124007412,HOD,2024-07-09 10:12:00,True
2024-07-09,ADR,SHORT,2024-07-08 21:55:00,2024-07-08 22:47:00,0.0033237479926778,LOD,2024-07-09 18:06:00,True
2024-07-09,ODR,LONG,2024-07-09 05:25:00,2024-07-09 06:00:00,0.1020556434035165,HOD,2024-07-10 15:54:00,True
2024-07-09,RDR,SHORT,2024-07-09 11:20:00,2024-07-09 11:49:00,0.0068005236402832,LOD,2024-07-09 18:06:00,True
2024-07-10,ADR,LONG,2024-07-09 20:55:00,2024-07-09 21:03:00,0.0265539617484535,HOD,2024-07-11 08:33:00,True
2024-07-10,ODR,LONG,2024-07-10 04:00:00,2024-07-10 11:01:00,0.6469595782073763,HOD,2024-07-11 08:33:00,True
2024-07-10,RDR,SHORT,2024-07-10 11:00:00,2024-07-10 11:12:00,0.0098545699019972,LOD,2024-07-11 14:07:00,True
2024-07-11,ODR,SHORT,2024-07-11 08:15:00,2024-07-11 08:25:00,0.461119671288905,LOD,2024-07-12 08:30:00,True
2024-07-11,RDR,SHORT,2024-07-11 10:40:00,2024-07-11 10:52:00,0.0586257309941534,LOD,2024-07-12 08:30:00,True
2024-07-15,ADR,LONG,2024-07-14 20:30:00,2024-07-14 22:18:00,0.0776252910182463,HOD,2024-07-16 09:39:00,True
2024-07-15,ODR,LONG,2024-07-15 07:00:00,2024-07-15 07:07:00,0.0339590104133717,HOD,2024-07-16 09:39:00,True
2024-07-15,RDR,LONG,2024-07-15 10:30:00,2024-07-15 11:45:00,0.1941065088757186,HOD,2024-07-16 09:39:00,True
2024-07-16,ADR,SHORT,2024-07-15 20:35:00,2024-07-15 20:50:00,0.021970120635761,LOD,2024-07-17 16:01:00,True
2024-07-16,ODR,SHORT,2024-07-16 04:00:00,2024-07-16 04:21:00,0.0652969059082566,LOD,2024-07-17 16:01:00,True
2024-07-16,RDR,SHORT,2024-07-16 12:30:00,2024-07-16 12:37:00,0.0797963778322418,LOD,2024-07-17 16:01:00,True
2024-07-17,ADR,LONG,2024-07-16 20:40:00,2024-07-16 20:47:00,0.0982071889076179,HOD,2024-07-18 09:06:00,True
2024-07-17,ODR,SHORT,2024-07-17 04:10:00,2024-07-17 06:40:00,0.016448728269646,LOD,2024-07-18 15:14:00,True
2024-07-18,ADR,LONG,2024-07-17 20:30:00,2024-07-17 20:36:00,0.2890447922287102,HOD,2024-07-18 18:16:00,True
2024-07-18,ODR,SHORT,2024-07-18 06:05:00,2024-07-18 06:37:00,0.0383125935870388,LOD,2024-07-19 13:22:00,True
2024-07-18,RDR,SHORT,2024-07-18 10:30:00,2024-07-18 10:55:00,0.0,LOD,2024-07-19 13:22:00,True
2024-07-22,ADR,SHORT,2024-07-21 21:45:00,2024-07-21 23:07:00,0.0946093111897259,LOD,2024-07-23 03:28:00,True
2024-07-22,ODR,LONG,2024-07-22 05:35:00,2024-07-22 05:43:00,0.0551506192976058,HOD,2024-07-23 11:19:00,True
2024-07-22,RDR,SHORT,2024-07-22 11:15:00,2024-07-22 12:36:00,0.0170662366868809,LOD,2024-07-23 03:28:00,True
2024-07-23,ADR,SHORT,2024-07-22 20:40:00,2024-07-22 21:13:00,0.1348432641398048,LOD,2024-07-24 15:55:00,True
2024-07-23,ODR,LONG,2024-07-23 05:15:00,2024-07-23 08:32:00,0.0868407126477152,HOD,2024-07-23 18:10:00,True
2024-07-23,RDR,LONG,2024-07-23 11:10:00,2024-07-23 11:52:00,0.0124233390678543,HOD,2024-07-23 18:10:00,True
2024-07-24,ADR,LONG,2024-07-23 20:40:00,2024-07-23 21:46:00,0.0298335761945711,HOD,2024-07-25 13:10:00,True
2024-07-24,ODR,SHORT,2024-07-24 04:15:00,2024-07-24 04:39:00,0.1332687596148236,LOD,2024-07-25 10:13:00,True
2024-07-25,ADR,SHORT,2024-07-24 21:55:00,2024-07-24 22:01:00,0.1566626164438964,LOD,2024-07-25 19:03:00,True
2024-07-25,ODR,SHORT,2024-07-25 04:00:00,2024-07-25 04:34:00,0.0011756756757185,LOD,2024-07-25 19:03:00,True
2024-07-25,RDR,LONG,2024-07-25 11:10:00,2024-07-25 11:21:00,0.0505603291116614,HOD,2024-07-26 13:29:00,True
2024-07-29,ADR,LONG,2024-07-28 20:40:00,2024-07-28 21:09:00,0.0385334053066421,HOD,2024-07-30 09:42:00,True
2024-07-29,ODR,LONG,2024-07-29 08:25:00,2024-07-29 08:51:00,0.0772552783109301,HOD,2024-07-30 09:42:00,True
2024-07-29,RDR,SHORT,2024-07-29 11:00:00,2024-07-29 11:56:00,0.0251824571213804,LOD,2024-07-30 16:03:00,True
2024-07-30,ADR,SHORT,2024-07-29 21:35:00,2024-07-29 23:14:00,0.0209907834101406,LOD,2024-07-30 18:01:00,True
2024-07-30,ODR,LONG,2024-07-30 04:00:00,2024-07-30 04:07:00,0.0684419973833057,HOD,2024-07-31 16:05:00,True
2024-07-31,ADR,LONG,2024-07-30 20:45:00,2024-07-30 21:22:00,0.0,HOD,2024-07-31 20:14:00,True
2024-07-31,ODR,SHORT,2024-07-31 04:10:00,2024-07-31 04:17:00,0.0532040608046341,LOD,2024-08-01 14:49:00,True
2024-07-31,RDR,LONG,2024-07-31 10:30:00,2024-07-31 10:40:00,0.0852406799492809,HOD,2024-07-31 20:14:00,True
2024-08-01,ADR,SHORT,2024-07-31 20:35:00,2024-07-31 20:41:00,0.0331040974819754,LOD,2024-08-02 10:14:00,True
2024-08-01,ODR,SHORT,2024-08-01 04:05:00,2024-08-01 05:44:00,0.0125389358590846,LOD,2024-08-02 10:14:00,True
2024-08-05,ADR,SHORT,2024-08-04 21:00:00,2024-08-05 11:21:00,0.0254938271604849,LOD,2024-08-06 09:45:00,True
2024-08-05,ODR,LONG,2024-08-05 04:05:00,2024-08-05 04:53:00,0.0490808334691543,HOD,2024-08-06 14:54:00,True
2024-08-05,RDR,LONG,2024-08-05 11:10:00,2024-08-05 12:55:00,0.0165633103368076,HOD,2024-08-06 14:54:00,True
2024-08-06,ADR,LONG,2024-08-05 20:45:00,2024-08-06 01:05:00,0.2371633797811943,HOD,2024-08-07 09:50:00,True
2024-08-06,ODR,SHORT,2024-08-06 04:05:00,2024-08-06 07:30:00,0.2909758911762986,LOD,2024-08-07 15:57:00,True
2024-08-06,RDR,LONG,2024-08-06 10:40:00,2024-08-06 11:28:00,0.0266255879502492,HOD,2024-08-07 09:50:00,True
2024-08-07,ADR,LONG,2024-08-06 20:30:00,2024-08-06 20:51:00,0.0318430572302879,HOD,2024-08-08 16:00:00,True
2024-08-07,ODR,LONG,2024-08-07 04:10:00,2024-08-07 12:03:00,0.093682900644154,HOD,2024-08-08 16:00:00,True
2024-08-08,ADR,LONG,2024-08-07 21:15:00,2024-08-08 01:40:00,0.0366655761008137,HOD,2024-08-09 13:30:00,True
2024-08-08,RDR,LONG,2024-08-08 10:45:00,2024-08-08 11:02:00,0.0188800563240687,HOD,2024-08-09 13:30:00,True
2024-08-12,ADR,LONG,2024-08-11 22:35:00,2024-08-11 23:32:00,0.0721006625466282,HOD,2024-08-13 16:08:00,True
2024-08-12,ODR,LONG,2024-08-12 08:25:00,2024-08-12 08:32:00,0.0138645507689479,HOD,2024-08-13 16:08:00,True
2024-08-12,RDR,LONG,2024-08-12 10:45:00,2024-08-12 11:22:00,0.1440708373623211,HOD,2024-08-13 16:08:00,True
2024-08-13,ADR,LONG,2024-08-12 20:50:00,2024-08-12 21:05:00,0.2440870856012427,HOD,2024-08-14 11:58:00,True
2024-08-13,ODR,SHORT,2024-08-13 05:05:00,2024-08-13 05:11:00,0.0005725930043161,LOD,2024-08-14 10:35:00,True
2024-08-14,ADR,LONG,2024-08-13 21:30:00,2024-08-13 22:11:00,0.4304948908034217,HOD,2024-08-15 15:44:00,True
2024-08-14,ODR,SHORT,2024-08-14 04:05:00,2024-08-14 04:32:00,0.1304404824330281,LOD,2024-08-14 19:47:00,True
2024-08-14,RDR,SHORT,2024-08-14 10:30:00,2024-08-14 10:40:00,0.1091756923452334,LOD,2024-08-14 19:47:00,True
2024-08-15,ADR,LONG,2024-08-14 20:35:00,2024-08-15 04:30:00,0.1851407549584114,HOD,2024-08-16 02:52:00,True
2024-08-15,ODR,SHORT,2024-08-15 04:25:00,2024-08-15 05:12:00,0.0373740076710779,LOD,2024-08-16 08:39:00,True
2024-08-15,RDR,LONG,2024-08-15 10:35:00,2024-08-15 10:55:00,0.0170597174064463,HOD,2024-08-16 02:52:00,True
2024-08-19,ADR,LONG,2024-08-18 23:30:00,2024-08-18 23:36:00,0.1382393608849142,HOD,2024-08-20 03:37:00,True
2024-08-19,ODR,SHORT,2024-08-19 04:00:00,2024-08-19 04:57:00,0.0277366407502655,LOD,2024-08-20 10:43:00,True
2024-08-19,RDR,LONG,2024-08-19 10:50:00,2024-08-19 11:58:00,0.0360257475083016,HOD,2024-08-20 03:37:00,True
2024-08-20,ADR,SHORT,2024-08-19 21:05:00,2024-08-19 21:11:00,0.1523698069045513,LOD,2024-08-21 12:03:00,True
2024-08-20,ODR,SHORT,2024-08-20 04:25:00,2024-08-20 05:15:00,0.088119953863912,LOD,2024-08-21 12:03:00,True
2024-08-20,RDR,SHORT,2024-08-20 10:35:00,2024-08-20 11:20:00,0.0505891832007352,LOD,2024-08-21 12:03:00,True
2024-08-21,ADR,LONG,2024-08-20 20:45:00,2024-08-20 21:02:00,0.0,HOD,2024-08-22 09:31:00,True
2024-08-21,ODR,SHORT,2024-08-21 05:00:00,2024-08-21 05:44:00,0.0470581936934959,LOD,2024-08-22 15:57:00,True
2024-08-21,RDR,LONG,2024-08-21 10:35:00,2024-08-21 10:50:00,0.4790255956779076,HOD,2024-08-22 09:31:00,True
2024-08-22,ADR,SHORT,2024-08-21 21:30:00,2024-08-21 21:49:00,0.0188209447089988,LOD,2024-08-23 12:46:00,True
2024-08-22,ODR,LONG,2024-08-22 05:15:00,2024-08-22 05:27:00,0.1035181699723485,HOD,2024-08-23 10:28:00,True
2024-08-22,RDR,SHORT,2024-08-22 10:45:00,2024-08-22 10:57:00,0.0388833688194975,LOD,2024-08-23 12:46:00,True
2024-08-26,ADR,LONG,2024-08-25 20:35:00,2024-08-25 22:45:00,0.0136977998666564,HOD,2024-08-27 11:00:00,True
2024-08-26,ODR,LONG,2024-08-26 04:05:00,2024-08-26 04:20:00,0.0465886713772438,HOD,2024-08-27 11:00:00,True
2024-08-26,RDR,SHORT,2024-08-26 10:30:00,2024-08-26 11:23:00,0.0905834157044179,LOD,2024-08-27 09:45:00,True
2024-08-27,ADR,SHORT,2024-08-26 20:50:00,2024-08-26 21:07:00,0.1619816309490582,LOD,2024-08-28 14:01:00,True
2024-08-27,ODR,LONG,2024-08-27 04:00:00,2024-08-27 04:53:00,0.0059575607470339,HOD,2024-08-28 05:04:00,True
2024-08-27,RDR,LONG,2024-08-27 10:30:00,2024-08-27 10:37:00,0.0445785576630445,HOD,2024-08-28 05:04:00,True
2024-08-28,ADR,LONG,2024-08-27 20:45:00,2024-08-27 20:53:00,0.1099822949161371,HOD,2024-08-29 10:50:00,True
2024-08-28,ODR,LONG,2024-08-28 04:30:00,2024-08-28 07:03:00,0.0207198398286413,HOD,2024-08-29 10:50:00,True
2024-08-29,ADR,LONG,2024-08-28 20:40:00,2024-08-28 20:49:00,0.0120355744797285,HOD,2024-08-30 15:59:00,True
2024-08-29,ODR,LONG,2024-08-29 04:10:00,2024-08-29 04:21:00,0.0039415945012103,HOD,2024-08-30 15:59:00,True
2024-09-02,ADR,LONG,2024-09-01 20:45:00,2024-09-01 22:12:00,0.2309398802040487,HOD,2024-09-02 18:14:00,True
2024-09-02,RDR,LONG,2024-09-02 10:35:00,2024-09-02 12:50:00,0.2022678185745517,HOD,2024-09-02 18:14:00,True
2024-09-03,ADR,LONG,2024-09-02 21:10:00,2024-09-02 21:26:00,0.0271540792973538,HOD,2024-09-04 11:06:00,True
2024-09-03,ODR,SHORT,2024-09-03 04:35:00,2024-09-03 04:41:00,0.0210598310083804,LOD,2024-09-03 21:19:00,True
2024-09-04,ADR,SHORT,2024-09-03 20:35:00,2024-09-04 09:41:00,0.1214051082657209,LOD,2024-09-05 08:24:00,True
2024-09-04,ODR,LONG,2024-09-04 04:30:00,2024-09-04 04:36:00,0.0478219966930759,HOD,2024-09-05 10:27:00,True
2024-09-04,RDR,LONG,2024-09-04 10:30:00,2024-09-04 11:30:00,0.0989378238341847,HOD,2024-09-05 10:27:00,True
2024-09-05,ADR,LONG,2024-09-04 20:45:00,2024-09-04 21:10:00,0.0344096808577191,HOD,2024-09-06 09:24:00,True
2024-09-05,ODR,SHORT,2024-09-05 08:15:00,2024-09-05 08:30:00,0.4086058758314817,LOD,2024-09-06 16:14:00,True
2024-09-05,RDR,SHORT,2024-09-05 11:25:00,2024-09-05 11:36:00,0.04609686494363,LOD,2024-09-06 16:14:00,True
2024-09-09,ODR,LONG,2024-09-09 05:05:00,2024-09-09 05:11:00,0.046677039342042,HOD,2024-09-10 15:32:00,True
2024-09-09,RDR,SHORT,2024-09-09 10:30:00,2024-09-09 11:54:00,0.0187168240671024,LOD,2024-09-10 05:10:00,True
2024-09-10,ADR,SHORT,2024-09-10 00:30:00,2024-09-10 01:18:00,0.0122069491678781,LOD,2024-09-11 10:55:00,True
2024-09-10,ODR,SHORT,2024-09-10 05:05:00,2024-09-10 05:37:00,0.1258428353211468,LOD,2024-09-11 10:55:00,True
2024-09-10,RDR,SHORT,2024-09-10 11:50:00,2024-09-10 12:53:00,0.0359658794173772,LOD,2024-09-11 10:55:00,True
2024-09-11,ADR,SHORT,2024-09-10 21:30:00,2024-09-10 21:43:00,0.0396565032805903,LOD,2024-09-12 09:50:00,True
2024-09-11,ODR,SHORT,2024-09-11 04:35:00,2024-09-11 04:50:00,0.0006953261987136,LOD,2024-09-12 09:50:00,True
2024-09-11,RDR,SHORT,2024-09-11 10:30:00,2024-09-11 11:06:00,0.0061432207970153,LOD,2024-09-12 09:50:00,True
2024-09-12,ADR,LONG,2024-09-11 20:30:00,2024-09-11 20:38:00,0.0231939598467512,HOD,2024-09-13 13:53:00,True
2024-09-12,ODR,SHORT,2024-09-12 04:00:00,2024-09-12 04:11:00,0.058239643472098,LOD,2024-09-13 09:30:00,True
2024-09-12,RDR,LONG,2024-09-12 10:30:00,2024-09-12 10:36:00,0.5330703196898016,HOD,2024-09-13 13:53:00,True
2024-09-16,ADR,SHORT,2024-09-15 20:50:00,2024-09-15 20:56:00,0.0431992769994698,LOD,2024-09-17 13:45:00,True
2024-09-16,ODR,LONG,2024-09-16 04:00:00,2024-09-16 04:48:00,0.0007863040136247,HOD,2024-09-17 10:47:00,True
2024-09-16,RDR,SHORT,2024-09-16 10:30:00,2024-09-16 10:37:00,0.1243462378046231,LOD,2024-09-17 13:45:00,True
2024-09-17,ADR,SHORT,2024-09-16 20:35:00,2024-09-17 00:50:00,0.0889173935351478,LOD,2024-09-18 15:50:00,True
2024-09-17,ODR,LONG,2024-09-17 05:00:00,2024-09-17 07:18:00,0.021238607345299,HOD,2024-09-18 14:01:00,True
2024-09-17,RDR,LONG,2024-09-17 10:45:00,2024-09-17 10:57:00,0.1013915416098331,HOD,2024-09-18 14:01:00,True
2024-09-18,ADR,LONG,2024-09-17 21:05:00,2024-09-17 21:11:00,0.3894289539555442,HOD,2024-09-19 13:54:00,True
2024-09-18,ODR,SHORT,2024-09-18 04:05:00,2024-09-18 05:09:00,0.0071289318241035,LOD,2024-09-18 19:31:00,True
2024-09-18,RDR,SHORT,2024-09-18 11:20:00,2024-09-18 11:28:00,0.1040207832539627,LOD,2024-09-18 19:31:00,True
2024-09-19,RDR,LONG,2024-09-19 10:30:00,2024-09-19 10:37:00,0.0679259609350154,HOD,2024-09-20 15:39:00,True
2024-09-23,ADR,LONG,2024-09-22 20:30:00,2024-09-23 02:24:00,0.0002047959488055,HOD,2024-09-24 11:55:00,True
2024-09-23,RDR,LONG,2024-09-23 11:50:00,2024-09-23 11:59:00,0.152309131942523,HOD,2024-09-24 11:55:00,True
2024-09-24,ADR,LONG,2024-09-23 21:10:00,2024-09-23 21:48:00,0.2051486623052007,HOD,2024-09-25 10:19:00,True
2024-09-24,ODR,LONG,2024-09-24 04:10:00,2024-09-24 04:44:00,0.0135320026239635,HOD,2024-09-25 10:19:00,True
2024-09-24,RDR,LONG,2024-09-24 11:45:00,2024-09-24 14:29:00,0.0055061910235271,HOD,2024-09-25 10:19:00,True
2024-09-25,ADR,SHORT,2024-09-24 20:55:00,2024-09-24 21:06:00,0.0120129501306052,LOD,2024-09-26 11:01:00,True
2024-09-25,ODR,LONG,2024-09-25 06:00:00,2024-09-25 06:47:00,0.0298425051929128,HOD,2024-09-26 09:11:00,True
2024-09-26,ADR,LONG,2024-09-25 20:30:00,2024-09-25 20:43:00,0.061617873945204,HOD,2024-09-27 08:48:00,True
2024-09-26,RDR,SHORT,2024-09-26 10:30:00,2024-09-26 10:37:00,0.0813741650039124,LOD,2024-09-27 14:31:00,True
2024-09-30,ADR,SHORT,2024-09-29 21:00:00,2024-09-30 03:43:00,0.0184496726222747,LOD,2024-10-01 11:17:00,True
2024-09-30,ODR,SHORT,2024-09-30 04:15:00,2024-09-30 04:22:00,0.0338044669513758,LOD,2024-10-01 11:17:00,True
2024-09-30,RDR,SHORT,2024-09-30 14:15:00,2024-09-30 14:37:00,0.1001324478775754,LOD,2024-10-01 11:17:00,True
2024-10-01,ADR,LONG,2024-09-30 20:45:00,2024-10-01 01:01:00,0.0063317378359585,HOD,2024-10-02 11:19:00,True
2024-10-01,ODR,LONG,2024-10-01 06:10:00,2024-10-01 06:16:00,0.0222218930089923,HOD,2024-10-02 11:19:00,True
2024-10-01,RDR,SHORT,2024-10-01 11:05:00,2024-10-01 11:31:00,0.0035002200737113,LOD,2024-10-02 09:45:00,True
2024-10-02,ADR,LONG,2024-10-01 20:40:00,2024-10-01 20:46:00,0.10034230363064,HOD,2024-10-03 10:07:00,True
2024-10-02,ODR,SHORT,2024-10-02 06:00:00,2024-10-02 06:19:00,0.1047333208278859,LOD,2024-10-03 03:45:00,True
2024-10-02,RDR,LONG,2024-10-02 10:45:00,2024-10-02 10:52:00,0.0728922561888826,HOD,2024-10-03 10:07:00,True
2024-10-03,ADR,SHORT,2024-10-02 21:05:00,2024-10-03 09:42:00,0.1242612158795213,LOD,2024-10-03 18:17:00,True
2024-10-03,ODR,LONG,2024-10-03 07:55:00,2024-10-03 08:08:00,0.0574510578983243,HOD,2024-10-04 09:17:00,True
2024-10-07,ADR,LONG,2024-10-06 21:30:00,2024-10-06 21:47:00,0.0526547159673483,HOD,2024-10-08 15:53:00,True
2024-10-07,ODR,SHORT,2024-10-07 04:45:00,2024-10-07 08:45:00,0.0031303988305232,LOD,2024-10-07 18:33:00,True
2024-10-08,ADR,SHORT,2024-10-07 21:30:00,2024-10-07 21:36:00,0.0572351341960056,LOD,2024-10-09 03:22:00,True
2024-10-08,RDR,LONG,2024-10-08 10:30:00,2024-10-08 13:05:00,0.0281715478160883,HOD,2024-10-09 15:52:00,True
2024-10-09,ADR,LONG,2024-10-08 21:00:00,2024-10-08 21:08:00,0.0101152368755349,HOD,2024-10-10 12:17:00,True
2024-10-09,ODR,LONG,2024-10-09 04:00:00,2024-10-09 04:09:00,0.0617073010449092,HOD,2024-10-10 12:17:00,True
2024-10-10,ODR,SHORT,2024-10-10 04:45:00,2024-10-10 04:57:00,0.0301679010430186,LOD,2024-10-11 09:40:00,True
2024-10-10,RDR,LONG,2024-10-10 11:10:00,2024-10-10 13:09:00,0.0207951966024877,HOD,2024-10-11 15:15:00,True
2024-10-14,ADR,SHORT,2024-10-13 21:00:00,2024-10-13 21:37:00,0.0248871154047864,LOD,2024-10-15 15:36:00,True
2024-10-14,ODR,LONG,2024-10-14 04:10:00,2024-10-14 04:16:00,0.0761753377758261,HOD,2024-10-15 09:35:00,True
2024-10-14,RDR,SHORT,2024-10-14 11:40:00,2024-10-14 11:46:00,0.1437599543484069,LOD,2024-10-15 15:36:00,True
2024-10-15,ADR,SHORT,2024-10-14 20:30:00,2024-10-14 20:36:00,0.2649363035628579,LOD,2024-10-16 10:01:00,True
2024-10-15,ODR,SHORT,2024-10-15 04:15:00,2024-10-15 05:32:00,0.0347999241417052,LOD,2024-10-16 10:01:00,True
2024-10-16,ADR,LONG,2024-10-15 20:35:00,2024-10-15 20:41:00,0.0897442289476416,HOD,2024-10-17 09:08:00,True
2024-10-16,RDR,LONG,2024-10-16 14:20:00,2024-10-16 14:39:00,0.0038694508027204,HOD,2024-10-17 09:08:00,True
2024-10-17,ODR,LONG,2024-10-17 04:00:00,2024-10-17 04:06:00,0.1054981915172657,HOD,2024-10-18 11:31:00,True
2024-10-17,RDR,SHORT,2024-10-17 15:35:00,2024-10-17 15:41:00,0.0128724794383602,LOD,2024-10-17 20:31:00,True
2024-10-21,ODR,SHORT,2024-10-21 05:20:00,2024-10-21 05:55:00,0.0122797650826675,LOD,2024-10-22 08:48:00,True
2024-10-21,RDR,SHORT,2024-10-21 10:45:00,2024-10-21 10:52:00,0.0813653453910781,LOD,2024-10-22 08:48:00,True
2024-10-22,ADR,SHORT,2024-10-21 20:50:00,2024-10-22 10:06:00,0.9175940370948064,LOD,2024-10-23 14:19:00,True
2024-10-22,ODR,SHORT,2024-10-22 04:30:00,2024-10-22 04:40:00,0.0198699515556553,LOD,2024-10-23 14:19:00,True
2024-10-22,RDR,LONG,2024-10-22 13:35:00,2024-10-22 16:01:00,0.0548547754418598,HOD,2024-10-23 03:21:00,True
2024-10-23,ADR,SHORT,2024-10-22 20:40:00,2024-10-22 21:21:00,0.1079014879424824,LOD,2024-10-24 11:50:00,True
2024-10-23,ODR,SHORT,2024-10-23 04:40:00,2024-10-23 05:10:00,0.0083632019115543,LOD,2024-10-24 11:50:00,True
2024-10-24,ADR,LONG,2024-10-23 20:30:00,2024-10-24 11:47:00,1.0,HOD,2024-10-25 10:23:00,True
2024-10-24,ODR,LONG,2024-10-24 04:10:00,2024-10-24 04:35:00,0.0131524501980174,HOD,2024-10-25 10:23:00,True
2024-10-24,RDR,SHORT,2024-10-24 11:45:00,2024-10-24 11:54:00,0.0259941294156996,LOD,2024-10-25 00:08:00,True
2024-10-28,ADR,SHORT,2024-10-27 22:35:00,2024-10-27 22:55:00,0.2483263909550365,LOD,2024-10-29 08:35:00,True
2024-10-28,ODR,LONG,2024-10-28 04:55:00,2024-10-28 05:06:00,0.0766851035905167,HOD,2024-10-29 14:29:00,True
2024-10-28,RDR,SHORT,2024-10-28 10:50:00,2024-10-28 11:15:00,0.0191462588326671,LOD,2024-10-29 08:35:00,True
2024-10-29,ADR,SHORT,2024-10-28 22:45:00,2024-10-29 00:26:00,0.1831444164566473,LOD,2024-10-30 17:25:00,True
2024-10-29,RDR,LONG,2024-10-29 10:45:00,2024-10-29 10:53:00,0.1390420312578967,HOD,2024-10-29 20:56:00,True
2024-10-30,ADR,LONG,2024-10-29 20:35:00,2024-10-29 21:26:00,0.0036752422318937,HOD,2024-10-30 20:23:00,True
2024-10-30,ODR,SHORT,2024-10-30 07:00:00,2024-10-30 07:15:00,0.1137277426766206,LOD,2024-10-31 13:37:00,True
2024-10-30,RDR,SHORT,2024-10-30 12:30:00,2024-10-30 12:50:00,0.0303159107113396,LOD,2024-10-31 13:37:00,True
2024-10-31,ODR,LONG,2024-10-31 05:50:00,2024-10-31 08:31:00,0.824755762722643,HOD,2024-11-01 10:28:00,True
2024-10-31,RDR,SHORT,2024-10-31 10:45:00,2024-10-31 10:58:00,0.0569285191510258,LOD,2024-10-31 21:14:00,True
2024-11-04,ADR,LONG,2024-11-03 20:30:00,2024-11-04 03:36:00,0.3652903080897587,HOD,2024-11-05 16:13:00,True
2024-11-04,ODR,LONG,2024-11-04 05:35:00,2024-11-04 06:05:00,0.0925062221571335,HOD,2024-11-05 16:13:00,True
2024-11-04,RDR,LONG,2024-11-04 10:45:00,2024-11-04 10:51:00,0.0330079711616632,HOD,2024-11-05 16:13:00,True
2024-11-05,ADR,SHORT,2024-11-04 20:30:00,2024-11-04 20:43:00,0.1042429073517229,LOD,2024-11-05 19:13:00,True
2024-11-05,ODR,LONG,2024-11-05 04:00:00,2024-11-05 04:06:00,0.0124077467927238,HOD,2024-11-06 15:50:00,True
2024-11-05,RDR,LONG,2024-11-05 11:30:00,2024-11-05 11:42:00,0.0216658891826111,HOD,2024-11-06 15:50:00,True
2024-11-06,ODR,SHORT,2024-11-06 06:45:00,2024-11-06 07:11:00,0.0399122348761858,LOD,2024-11-06 19:49:00,True
2024-11-06,RDR,LONG,2024-11-06 11:35:00,2024-11-06 11:41:00,0.03679981282034,HOD,2024-11-07 15:18:00,True
2024-11-07,ODR,LONG,2024-11-07 07:10:00,2024-11-07 07:17:00,0.1398118279569274,HOD,2024-11-08 14:40:00,True
2024-11-11,ODR,SHORT,2024-11-11 05:25:00,2024-11-11 06:38:00,0.0118088097469737,LOD,2024-11-12 13:00:00,True
2024-11-11,RDR,SHORT,2024-11-11 13:00:00,2024-11-11 13:40:00,0.036713805379732,LOD,2024-11-12 13:00:00,True
2024-11-12,ADR,LONG,2024-11-11 20:35:00,2024-11-11 20:41:00,0.0528031104377315,HOD,2024-11-13 13:56:00,True
2024-11-12,ODR,SHORT,2024-11-12 04:05:00,2024-11-12 04:12:00,0.1338238218333423,LOD,2024-11-13 10:07:00,True
2024-11-12,RDR,SHORT,2024-11-12 11:05:00,2024-11-12 11:19:00,0.0638248634638068,LOD,2024-11-13 10:07:00,True
2024-11-13,ADR,SHORT,2024-11-12 21:30:00,2024-11-12 21:47:00,0.0302341838519209,LOD,2024-11-14 16:14:00,True
2024-11-13,RDR,LONG,2024-11-13 12:10:00,2024-11-13 12:21:00,0.0133429457470499,HOD,2024-11-14 04:11:00,True
2024-11-14,ADR,SHORT,2024-11-13 21:05:00,2024-11-13 21:30:00,0.0035499726925311,LOD,2024-11-15 13:58:00,True
2024-11-14,ODR,LONG,2024-11-14 04:00:00,2024-11-14 04:16:00,0.0484639037796688,HOD,2024-11-14 18:00:00,True
2024-11-18,ADR,LONG,2024-11-17 22:00:00,2024-11-17 22:15:00,0.0211018989034683,HOD,2024-11-19 13:57:00,True
2024-11-18,ODR,SHORT,2024-11-18 04:30:00,2024-11-18 10:12:00,0.0227822663331172,LOD,2024-11-19 09:01:00,True
2024-11-18,RDR,LONG,2024-11-18 10:30:00,2024-11-18 11:53:00,0.0227558663467519,HOD,2024-11-19 13:57:00,True
2024-11-19,ADR,LONG,2024-11-18 21:30:00,2024-11-19 03:35:00,0.4918726994365264,HOD,2024-11-20 03:22:00,True
2024-11-19,ODR,SHORT,2024-11-19 04:25:00,2024-11-19 05:08:00,1.6777116017175307e-05,LOD,2024-11-20 10:20:00,True
2024-11-20,ADR,SHORT,2024-11-19 20:45:00,2024-11-19 21:44:00,0.0680458736226206,LOD,2024-11-21 10:30:00,True
2024-11-20,ODR,SHORT,2024-11-20 04:45:00,2024-11-20 04:52:00,0.0753855387104138,LOD,2024-11-21 10:30:00,True
2024-11-21,ODR,SHORT,2024-11-21 04:05:00,2024-11-21 04:12:00,0.123963260717412,LOD,2024-11-22 05:10:00,True
2024-11-25,ADR,LONG,2024-11-24 22:15:00,2024-11-24 22:21:00,0.0139085851424148,HOD,2024-11-26 09:50:00,True
2024-11-25,ODR,LONG,2024-11-25 04:40:00,2024-11-25 07:01:00,0.0389437344800486,HOD,2024-11-26 09:50:00,True
2024-11-25,RDR,SHORT,2024-11-25 12:10:00,2024-11-25 13:16:00,0.0089285191195755,LOD,2024-11-25 20:03:00,True
2024-11-26,ADR,LONG,2024-11-25 20:30:00,2024-11-25 20:39:00,0.0413934709089856,HOD,2024-11-26 21:28:00,True
2024-11-26,ODR,LONG,2024-11-26 05:00:00,2024-11-26 05:06:00,0.2356219114708677,HOD,2024-11-26 21:28:00,True
2024-11-26,RDR,SHORT,2024-11-26 14:20:00,2024-11-26 14:33:00,0.1142563909223261,LOD,2024-11-27 12:09:00,True
2024-11-27,ADR,LONG,2024-11-26 20:40:00,2024-11-26 20:46:00,0.0657352562452156,HOD,2024-11-28 11:13:00,True
2024-11-27,ODR,SHORT,2024-11-27 04:25:00,2024-11-27 05:16:00,0.0166706123737597,LOD,2024-11-27 18:00:00,True
2024-11-27,RDR,SHORT,2024-11-27 10:35:00,2024-11-27 10:43:00,0.0075972621788954,LOD,2024-11-27 18:00:00,True
2024-11-28,ADR,LONG,2024-11-27 20:45:00,2024-11-27 20:51:00,0.3774932282687915,HOD,2024-11-29 12:51:00,True
2024-11-28,ODR,LONG,2024-11-28 07:55:00,2024-11-28 08:31:00,0.2662816627594396,HOD,2024-11-29 12:51:00,True
2024-11-28,RDR,LONG,2024-11-28 10:45:00,2024-11-28 10:52:00,0.0165440475737088,HOD,2024-11-29 12:51:00,True
2024-12-02,ADR,SHORT,2024-12-02 01:40:00,2024-12-02 01:53:00,0.0083944545724477,LOD,2024-12-03 09:31:00,True
2024-12-02,ODR,SHORT,2024-12-02 05:00:00,2024-12-02 05:14:00,0.1329780935464335,LOD,2024-12-03 09:31:00,True
2024-12-02,RDR,LONG,2024-12-02 10:30:00,2024-12-02 10:36:00,0.0044791303932145,HOD,2024-12-03 16:14:00,True
2024-12-03,ADR,LONG,2024-12-02 20:40:00,2024-12-02 20:48:00,0.0641604675876937,HOD,2024-12-04 15:50:00,True
2024-12-03,ODR,SHORT,2024-12-03 05:30:00,2024-12-03 07:04:00,0.0051386361203378,LOD,2024-12-03 18:00:00,True
2024-12-03,RDR,LONG,2024-12-03 11:25:00,2024-12-03 11:38:00,0.0197642103809645,HOD,2024-12-04 15:50:00,True
2024-12-04,ADR,LONG,2024-12-03 21:55:00,2024-12-03 22:04:00,0.018040710735887,HOD,2024-12-05 12:52:00,True
2024-12-04,ODR,LONG,2024-12-04 04:10:00,2024-12-04 04:38:00,0.0633955123005584,HOD,2024-12-05 12:52:00,True
2024-12-04,RDR,LONG,2024-12-04 10:30:00,2024-12-04 11:32:00,0.0026124988992263,HOD,2024-12-05 12:52:00,True
2024-12-05,ADR,LONG,2024-12-04 20:30:00,2024-12-04 20:50:00,0.0562837837837,HOD,2024-12-06 13:24:00,True
2024-12-05,ODR,LONG,2024-12-05 05:00:00,2024-12-05 05:25:00,0.1970786173142361,HOD,2024-12-06 13:24:00,True
2024-12-05,RDR,LONG,2024-12-05 12:10:00,2024-12-05 13:16:00,0.0468750000000198,HOD,2024-12-06 13:24:00,True
2024-12-09,ADR,LONG,2024-12-09 01:40:00,2024-12-09 01:49:00,0.0134894816743226,HOD,2024-12-10 10:16:00,True
2024-12-09,RDR,SHORT,2024-12-09 10:35:00,2024-12-09 10:41:00,0.0349858567813045,LOD,2024-12-10 15:32:00,True
2024-12-10,ADR,SHORT,2024-12-09 20:35:00,2024-12-09 20:44:00,0.0596683857371112,LOD,2024-12-11 02:37:00,True
2024-12-10,ODR,LONG,2024-12-10 05:00:00,2024-12-10 11:33:00,0.0332989158494531,HOD,2024-12-11 15:17:00,True
2024-12-11,ADR,LONG,2024-12-10 22:15:00,2024-12-10 22:21:00,0.0116251369764524,HOD,2024-12-12 01:02:00,True
2024-12-11,ODR,LONG,2024-12-11 04:05:00,2024-12-11 04:11:00,0.1671048661695725,HOD,2024-12-12 01:02:00,True
2024-12-11,RDR,LONG,2024-12-11 11:10:00,2024-12-11 11:16:00,0.0434333407613036,HOD,2024-12-12 01:02:00,True
2024-12-12,ADR,LONG,2024-12-11 22:25:00,2024-12-11 22:39:00,0.0372477207199566,HOD,2024-12-13 09:49:00,True
2024-12-12,ODR,SHORT,2024-12-12 04:30:00,2024-12-12 06:05:00,0.0068499667015615,LOD,2024-12-13 11:08:00,True
2024-12-12,RDR,LONG,2024-12-12 10:55:00,2024-12-12 11:36:00,0.065969718817604,HOD,2024-12-13 09:49:00,True
2024-12-16,ADR,LONG,2024-12-15 20:55:00,2024-12-15 21:01:00,0.0396790013374695,HOD,2024-12-16 23:22:00,True
2024-12-16,RDR,LONG,2024-12-16 10:30:00,2024-12-16 10:41:00,0.0171422609421462,HOD,2024-12-16 23:22:00,True
2024-12-17,ADR,LONG,2024-12-16 20:30:00,2024-12-16 20:42:00,0.0135327635327449,HOD,2024-12-18 07:24:00,True
2024-12-17,ODR,LONG,2024-12-17 04:30:00,2024-12-17 07:05:00,0.1544588744588539,HOD,2024-12-18 07:24:00,True
2024-12-17,RDR,LONG,2024-12-17 11:35:00,2024-12-17 11:51:00,0.0135371410405797,HOD,2024-12-18 07:24:00,True
2024-12-18,ADR,LONG,2024-12-17 20:35:00,2024-12-17 22:26:00,0.045446307204378,HOD,2024-12-19 09:32:00,True
2024-12-18,ODR,SHORT,2024-12-18 04:00:00,2024-12-18 04:06:00,0.0792213009971738,LOD,2024-12-19 16:14:00,True
2024-12-18,RDR,LONG,2024-12-18 10:35:00,2024-12-18 11:11:00,0.0090181490249045,HOD,2024-12-19 09:32:00,True
2024-12-19,ADR,SHORT,2024-12-18 20:30:00,2024-12-18 20:36:00,0.2880360320634544,LOD,2024-12-20 07:24:00,True
2024-12-19,ODR,LONG,2024-12-19 04:00:00,2024-12-19 04:06:00,0.0206568803463751,HOD,2024-12-20 12:28:00,True
2024-12-19,RDR,SHORT,2024-12-19 10:30:00,2024-12-19 10:37:00,0.0923642575948811,LOD,2024-12-20 07:24:00,True
2024-12-23,ADR,LONG,2024-12-22 20:30:00,2024-12-22 21:47:00,0.0003834957379825,HOD,2024-12-24 13:13:00,True
2024-12-23,ODR,SHORT,2024-12-23 04:15:00,2024-12-23 04:21:00,0.0156038647343144,LOD,2024-12-23 19:14:00,True
2024-12-23,RDR,LONG,2024-12-23 11:40:00,2024-12-23 12:17:00,0.0506680422258047,HOD,2024-12-24 13:13:00,True
2024-12-26,ADR,LONG,2024-12-25 21:40:00,2024-12-26 03:02:00,0.5935637663884945,HOD,2024-12-26 19:03:00,True
2024-12-26,ODR,SHORT,2024-12-26 04:10:00,2024-12-26 09:30:00,0.0244804230351985,LOD,2024-12-27 10:33:00,True
2024-12-26,RDR,LONG,2024-12-26 10:35:00,2024-12-26 10:41:00,0.1350140611479613,HOD,2024-12-26 19:03:00,True
2024-12-30,ADR,SHORT,2024-12-29 22:10:00,2024-12-29 22:16:00,0.0811685867028164,LOD,2024-12-31 14:43:00,True
2024-12-30,RDR,LONG,2024-12-30 11:15:00,2024-12-30 11:22:00,0.0699087266573188,HOD,2024-12-31 07:09:00,True
